{
  "user": {
    "user_id": 123,
    "home_latitude": 37.55,
    "home_longitude": 127.07,
    "availability_json": {
      "Mon": [
        [
          "09:00",
          "12:00"
        ]
      ],
      "Sat": [
        [
          "10:00",
          "12:00"
        ]
      ]
    },
    "interests": [
      "정원",
      "실내"
    ],
    "preferred_jobs": [
      "안내",
      "정리"
    ]
  },
  "candidates": [
    {
      "job_id": 1,
      "title": "시니어 복지 보안관",
      "hourly_wage": 12684,
      "work_days": "1000111",
      "start_time": "9:00:00",
      "end_time": "18:00:00",
      "place": "길동",
      "address": "서울특별시 강동구 길동",
      "job_latitude": null,
      "job_longitude": null,
      "sim_interest": null
    },
    {
      "job_id": 2,
      "title": "시니어 복지 보안관",
      "hourly_wage": 12684,
      "work_days": "1000111",
      "start_time": "9:00:00",
      "end_time": "18:00:00",
      "place": "성내1동",
      "address": "서울특별시 강동구 성내1동",
      "job_latitude": null,
      "job_longitude": null,
      "sim_interest": null
    },
    {
      "job_id": 3,
      "title": "시니어 복지 보안관",
      "hourly_wage": 12684,
      "work_days": "1000111",
      "start_time": "9:00:00",
      "end_time": "18:00:00",
      "place": "성내2동",
      "address": "서울특별시 강동구 성내2동",
      "job_latitude": null,
      "job_longitude": null,
      "sim_interest": null
    },
    {
      "job_id": 4,
      "title": "시니어 복지 보안관",
      "hourly_wage": 12684,
      "work_days": "1000111",
      "start_time": "9:00:00",
      "end_time": "18:00:00",
      "place": "성내3동",
      "address": "서울특별시 강동구 성내3동",
      "job_latitude": null,
      "job_longitude": null,
      "sim_interest": null
    },
    {
      "job_id": 5,
      "title": "시니어 복지 보안관",
      "hourly_wage": 12684,
      "work_days": "1000111",
      "start_time": "9:00:00",
      "end_time": "18:00:00",
      "place": "천호1동",
      "address": "서울특별시 강동구 천호1동",
      "job_latitude": null,
      "job_longitude": null,
      "sim_interest": null
    },
    {
      "job_id": 6,
      "title": "시니어 복지 보안관",
      "hourly_wage": 12684,
      "work_days": "1000111",
      "start_time": "9:00:00",
      "end_time": "18:00:00",
      "place": "천호2동",
      "address": "서울특별시 강동구 천호2동",
      "job_latitude": null,
      "job_longitude": null,
      "sim_interest": null
    },
    {
      "job_id": 7,
      "title": "시니어 복지 보안관",
      "hourly_wage": 12684,
      "work_days": "1000111",
      "start_time": "9:00:00",
      "end_time": "18:00:00",
      "place": "천호3동",
      "address": "서울특별시 강동구 천호3동",
      "job_latitude": null,
      "job_longitude": null,
      "sim_interest": null
    },
    {
      "job_id": 8,
      "title": "시니어 복지 보안관",
      "hourly_wage": 12684,
      "work_days": "1000111",
      "start_time": "9:00:00",
      "end_time": "18:00:00",
      "place": "고덕1동",
      "address": "서울특별시 강동구 고덕1동",
      "job_latitude": null,
      "job_longitude": null,
      "sim_interest": null
    },
    {
      "job_id": 9,
      "title": "시니어 복지 보안관",
      "hourly_wage": 12684,
      "work_days": "1000111",
      "start_time": "9:00:00",
      "end_time": "18:00:00",
      "place": "고덕2동",
      "address": "서울특별시 강동구 고덕2동",
      "job_latitude": null,
      "job_longitude": null,
      "sim_interest": null
    },
    {
      "job_id": 10,
      "title": "시니어 복지 보안관",
      "hourly_wage": 12684,
      "work_days": "1000111",
      "start_time": "9:00:00",
      "end_time": "18:00:00",
      "place": "암사1동",
      "address": "서울특별시 강동구 암사1동",
      "job_latitude": null,
      "job_longitude": null,
      "sim_interest": null
    },
    {
      "job_id": 11,
      "title": "시니어 복지 보안관",
      "hourly_wage": 12684,
      "work_days": "1000111",
      "start_time": "9:00:00",
      "end_time": "18:00:00",
      "place": "암사2동",
      "address": "서울특별시 강동구 암사2동",
      "job_latitude": null,
      "job_longitude": null,
      "sim_interest": null
    },
    {
      "job_id": 12,
      "title": "시니어 복지 보안관",
      "hourly_wage": 12684,
      "work_days": "1000111",
      "start_time": "9:00:00",
      "end_time": "18:00:00",
      "place": "암사3동",
      "address": "서울특별시 강동구 암사3동",
      "job_latitude": null,
      "job_longitude": null,
      "sim_interest": null
    },
    {
      "job_id": 13,
      "title": "시니어 복지 보안관",
      "hourly_wage": 12684,
      "work_days": "1000111",
      "start_time": "9:00:00",
      "end_time": "18:00:00",
      "place": "명일1동",
      "address": "서울특별시 강동구 명일1동",
      "job_latitude": null,
      "job_longitude": null,
      "sim_interest": null
    },
    {
      "job_id": 14,
      "title": "시니어 복지 보안관",
      "hourly_wage": 12684,
      "work_days": "1000111",
      "start_time": "9:00:00",
      "end_time": "18:00:00",
      "place": "둔촌2동",
      "address": "서울특별시 강동구 둔촌2동",
      "job_latitude": null,
      "job_longitude": null,
      "sim_interest": null
    },
    {
      "job_id": 15,
      "title": "시니어 공공 서포터즈",
      "hourly_wage": 12684,
      "work_days": "1000111",
      "start_time": "9:00:00",
      "end_time": "18:00:00",
      "place": "성내종합사회복지관",
      "address": "서울특별시 강동구 성안로13길 56 (성내동)",
      "job_latitude": null,
      "job_longitude": null,
      "sim_interest": null
    },
    {
      "job_id": 16,
      "title": "시니어 공공 서포터즈",
      "hourly_wage": 12684,
      "work_days": "1000111",
      "start_time": "9:00:00",
      "end_time": "18:00:00",
      "place": "서울장애인종합복지관",
      "address": "서울특별시 강동구 고덕로 201 (고덕동)",
      "job_latitude": null,
      "job_longitude": null,
      "sim_interest": null
    },
    {
      "job_id": 17,
      "title": "시니어 공공 서포터즈",
      "hourly_wage": 12684,
      "work_days": "1000111",
      "start_time": "9:00:00",
      "end_time": "18:00:00",
      "place": "어울림복지관",
      "address": "서울특별시 강동구 올림픽로 741 (천호동)",
      "job_latitude": null,
      "job_longitude": null,
      "sim_interest": null
    },
    {
      "job_id": 18,
      "title": "시니어 사서도우미",
      "hourly_wage": 12684,
      "work_days": "1000111",
      "start_time": "9:00:00",
      "end_time": "18:00:00",
      "place": "글고운작은도서관",
      "address": "서울특별시 강동구 성내로 13",
      "job_latitude": null,
      "job_longitude": null,
      "sim_interest": null
    },
    {
      "job_id": 19,
      "title": "시니어 사서도우미",
      "hourly_wage": 12684,
      "work_days": "1000111",
      "start_time": "9:00:00",
      "end_time": "18:00:00",
      "place": "가람슬기작은도서관",
      "address": "서울특별시 강동구 강동대로53길 76",
      "job_latitude": null,
      "job_longitude": null,
      "sim_interest": null
    },
    {
      "job_id": 20,
      "title": "시니어 사서도우미",
      "hourly_wage": 12684,
      "work_days": "1000111",
      "start_time": "9:00:00",
      "end_time": "18:00:00",
      "place": "아람작은도서관",
      "address": "서울특별시 강동구 양재대로84길 31",
      "job_latitude": null,
      "job_longitude": null,
      "sim_interest": null
    },
    {
      "job_id": 21,
      "title": "시니어 사서도우미",
      "hourly_wage": 12684,
      "work_days": "1000111",
      "start_time": "9:00:00",
      "end_time": "18:00:00",
      "place": "파랑새작은도서관",
      "address": "서울특별시 강동구 천호대로186길 7 (둔촌동)",
      "job_latitude": null,
      "job_longitude": null,
      "sim_interest": null
    },
    {
      "job_id": 22,
      "title": "시니어 사서도우미",
      "hourly_wage": 12684,
      "work_days": "1000111",
      "start_time": "9:00:00",
      "end_time": "18:00:00",
      "place": "부엉이작은도서관",
      "address": "서울특별시 강동구 진황도로23길 7(천호동) ",
      "job_latitude": null,
      "job_longitude": null,
      "sim_interest": null
    },
    {
      "job_id": 23,
      "title": "시니어 사서도우미",
      "hourly_wage": 12684,
      "work_days": "1000111",
      "start_time": "9:00:00",
      "end_time": "18:00:00",
      "place": "반딧불작은도서관",
      "address": "서울특별시 강동구 천호대로 1183",
      "job_latitude": null,
      "job_longitude": null,
      "sim_interest": null
    },
    {
      "job_id": 24,
      "title": "시니어 사서도우미",
      "hourly_wage": 12684,
      "work_days": "1000111",
      "start_time": "9:00:00",
      "end_time": "18:00:00",
      "place": "작은도서관웃는책",
      "address": "서울특별시 강동구 구천면로42길 60",
      "job_latitude": null,
      "job_longitude": null,
      "sim_interest": null
    },
    {
      "job_id": 25,
      "title": "시니어 사서도우미",
      "hourly_wage": 12684,
      "work_days": "1000111",
      "start_time": "9:00:00",
      "end_time": "18:00:00",
      "place": "글향기작은도서관",
      "address": "서울특별시 강동구 구천면로42길 59",
      "job_latitude": null,
      "job_longitude": null,
      "sim_interest": null
    },
    {
      "job_id": 26,
      "title": "시니어 사서도우미",
      "hourly_wage": 12684,
      "work_days": "1000111",
      "start_time": "9:00:00",
      "end_time": "18:00:00",
      "place": "책꾸러미작은도서관",
      "address": "서울특별시 강동구 명일동 223-7",
      "job_latitude": null,
      "job_longitude": null,
      "sim_interest": null
    },
    {
      "job_id": 27,
      "title": "시니어 사서도우미",
      "hourly_wage": 12684,
      "work_days": "1000111",
      "start_time": "9:00:00",
      "end_time": "18:00:00",
      "place": "해오름작은도서관",
      "address": "서울특별시 강동구 상암로3길 28",
      "job_latitude": null,
      "job_longitude": null,
      "sim_interest": null
    },
    {
      "job_id": 28,
      "title": "시니어 사서도우미",
      "hourly_wage": 12684,
      "work_days": "1000111",
      "start_time": "9:00:00",
      "end_time": "18:00:00",
      "place": "채우리작은도서관",
      "address": "서울특별시 강동구 고덕로24길 49",
      "job_latitude": null,
      "job_longitude": null,
      "sim_interest": null
    },
    {
      "job_id": 29,
      "title": "장애인직업적응지원단",
      "hourly_wage": 12684,
      "work_days": "1000111",
      "start_time": "9:00:00",
      "end_time": "18:00:00",
      "place": "직업재능개발센터",
      "address": "서울특별시 강동구 올림픽로 588",
      "job_latitude": null,
      "job_longitude": null,
      "sim_interest": null
    },
    {
      "job_id": 30,
      "title": "장애인직업적응지원단",
      "hourly_wage": 12684,
      "work_days": "1000111",
      "start_time": "9:00:00",
      "end_time": "18:00:00",
      "place": "소망드림복지센터",
      "address": "서울특별시 강동구 양재대로116길 20",
      "job_latitude": null,
      "job_longitude": null,
      "sim_interest": null
    },
    {
      "job_id": 31,
      "title": "장애인직업적응지원단",
      "hourly_wage": 12684,
      "work_days": "1000111",
      "start_time": "9:00:00",
      "end_time": "18:00:00",
      "place": "선한복지센터",
      "address": "서울특별시 강동구 양재대로91길 62-0 ",
      "job_latitude": null,
      "job_longitude": null,
      "sim_interest": null
    },
    {
      "job_id": 32,
      "title": "장애인직업적응지원단",
      "hourly_wage": 12684,
      "work_days": "1000111",
      "start_time": "9:00:00",
      "end_time": "18:00:00",
      "place": "강동그린나래복지센터",
      "address": "서울특별시 강동구 고덕로 100-5",
      "job_latitude": null,
      "job_longitude": null,
      "sim_interest": null
    },
    {
      "job_id": 33,
      "title": "장애인직업적응지원단",
      "hourly_wage": 12684,
      "work_days": "1000111",
      "start_time": "9:00:00",
      "end_time": "18:00:00",
      "place": "서울장애인종합복지관보호작업장",
      "address": "서울특별시 강동구 고덕로 201",
      "job_latitude": null,
      "job_longitude": null,
      "sim_interest": null
    },
    {
      "job_id": 34,
      "title": "방과후돌봄지원단",
      "hourly_wage": 12684,
      "work_days": "1000111",
      "start_time": "9:00:00",
      "end_time": "18:00:00",
      "place": "우리동네키움센터 강동1호점",
      "address": "서울특별시 강동구 올림픽로 98가길 28",
      "job_latitude": null,
      "job_longitude": null,
      "sim_interest": null
    },
    {
      "job_id": 35,
      "title": "방과후돌봄지원단",
      "hourly_wage": 12684,
      "work_days": "1000111",
      "start_time": "9:00:00",
      "end_time": "18:00:00",
      "place": "우리동네키움센터 강동2호점",
      "address": "서울특별시 강동구 동남로 67길 21",
      "job_latitude": null,
      "job_longitude": null,
      "sim_interest": null
    },
    {
      "job_id": 36,
      "title": "방과후돌봄지원단",
      "hourly_wage": 12684,
      "work_days": "1000111",
      "start_time": "9:00:00",
      "end_time": "18:00:00",
      "place": "강동3호점 우리동네키움센터",
      "address": "서울특별시 강동구 아리수로 421",
      "job_latitude": null,
      "job_longitude": null,
      "sim_interest": null
    },
    {
      "job_id": 37,
      "title": "방과후돌봄지원단",
      "hourly_wage": 12684,
      "work_days": "1000111",
      "start_time": "9:00:00",
      "end_time": "18:00:00",
      "place": "강동4호점 우리동네키움센터",
      "address": "서울특별시 강동구 성내로 6다길 55",
      "job_latitude": null,
      "job_longitude": null,
      "sim_interest": null
    },
    {
      "job_id": 38,
      "title": "방과후돌봄지원단",
      "hourly_wage": 12684,
      "work_days": "1000111",
      "start_time": "9:00:00",
      "end_time": "18:00:00",
      "place": "우리동네키움센터 강동5호점",
      "address": "서울특별시 강동구 동남로 82길 97",
      "job_latitude": null,
      "job_longitude": null,
      "sim_interest": null
    },
    {
      "job_id": 39,
      "title": "방과후돌봄지원단",
      "hourly_wage": 12684,
      "work_days": "1000111",
      "start_time": "9:00:00",
      "end_time": "18:00:00",
      "place": "아이플러스키움센터 강동6호점",
      "address": "서울특별시 강동구 올림픽로 752",
      "job_latitude": null,
      "job_longitude": null,
      "sim_interest": null
    },
    {
      "job_id": 40,
      "title": "방과후돌봄지원단",
      "hourly_wage": 12684,
      "work_days": "1000111",
      "start_time": "9:00:00",
      "end_time": "18:00:00",
      "place": "우리동네키움센터 강동7호점",
      "address": "서울특별시 강동구 천중로 61",
      "job_latitude": null,
      "job_longitude": null,
      "sim_interest": null
    },
    {
      "job_id": 41,
      "title": "방과후돌봄지원단",
      "hourly_wage": 12684,
      "work_days": "1000111",
      "start_time": "9:00:00",
      "end_time": "18:00:00",
      "place": "강동지역아동복지센터",
      "address": "서울특별시 강동구 구천면로68길 46",
      "job_latitude": null,
      "job_longitude": null,
      "sim_interest": null
    },
    {
      "job_id": 42,
      "title": "방과후돌봄지원단",
      "hourly_wage": 12684,
      "work_days": "1000111",
      "start_time": "9:00:00",
      "end_time": "18:00:00",
      "place": "고덕2동청소년지역아동센터",
      "address": "서울특별시 강동구 상일로17길 17",
      "job_latitude": null,
      "job_longitude": null,
      "sim_interest": null
    },
    {
      "job_id": 43,
      "title": "방과후돌봄지원단",
      "hourly_wage": 12684,
      "work_days": "1000111",
      "start_time": "9:00:00",
      "end_time": "18:00:00",
      "place": "구립길리청소년지역아동센터",
      "address": "서울특별시 강동구 양재대로114길 38",
      "job_latitude": null,
      "job_longitude": null,
      "sim_interest": null
    },
    {
      "job_id": 44,
      "title": "방과후돌봄지원단",
      "hourly_wage": 12684,
      "work_days": "1000111",
      "start_time": "9:00:00",
      "end_time": "18:00:00",
      "place": "구립함께하는지역아동센터",
      "address": "서울특별시 강동구 상일로12길 95",
      "job_latitude": null,
      "job_longitude": null,
      "sim_interest": null
    },
    {
      "job_id": 45,
      "title": "방과후돌봄지원단",
      "hourly_wage": 12684,
      "work_days": "1000111",
      "start_time": "9:00:00",
      "end_time": "18:00:00",
      "place": "꿈꾸는땅지역아동센터",
      "address": "서울특별시 강동구 아리수로93나길 90",
      "job_latitude": null,
      "job_longitude": null,
      "sim_interest": null
    },
    {
      "job_id": 46,
      "title": "방과후돌봄지원단",
      "hourly_wage": 12684,
      "work_days": "1000111",
      "start_time": "9:00:00",
      "end_time": "18:00:00",
      "place": "나래지역아동센터",
      "address": "서울특별시 강동구 천중로53길 21",
      "job_latitude": null,
      "job_longitude": null,
      "sim_interest": null
    },
    {
      "job_id": 47,
      "title": "방과후돌봄지원단",
      "hourly_wage": 12684,
      "work_days": "1000111",
      "start_time": "9:00:00",
      "end_time": "18:00:00",
      "place": "동서울지역아동복지센터",
      "address": "서울특별시 강동구 둔촌제2동 61-4",
      "job_latitude": null,
      "job_longitude": null,
      "sim_interest": null
    },
    {
      "job_id": 48,
      "title": "방과후돌봄지원단",
      "hourly_wage": 12684,
      "work_days": "1000111",
      "start_time": "9:00:00",
      "end_time": "18:00:00",
      "place": "배움터지역아동센터",
      "address": "서울특별시 강동구 성안로 191",
      "job_latitude": null,
      "job_longitude": null,
      "sim_interest": null
    },
    {
      "job_id": 49,
      "title": "방과후돌봄지원단",
      "hourly_wage": 12684,
      "work_days": "1000111",
      "start_time": "9:00:00",
      "end_time": "18:00:00",
      "place": "구립성내지역아동센터",
      "address": "서울특별시 강동구 성안로13길 56",
      "job_latitude": null,
      "job_longitude": null,
      "sim_interest": null
    },
    {
      "job_id": 50,
      "title": "방과후돌봄지원단",
      "hourly_wage": 12684,
      "work_days": "1000111",
      "start_time": "9:00:00",
      "end_time": "18:00:00",
      "place": "암사꿈나무지역아동센터",
      "address": "서울특별시 강동구 상암로 87-1",
      "job_latitude": null,
      "job_longitude": null,
      "sim_interest": null
    },
    {
      "job_id": 51,
      "title": "방과후돌봄지원단",
      "hourly_wage": 12684,
      "work_days": "1000111",
      "start_time": "9:00:00",
      "end_time": "18:00:00",
      "place": "서울중심지역아동센터",
      "address": "서울특별시 강동구 천호대로162길 34",
      "job_latitude": null,
      "job_longitude": null,
      "sim_interest": null
    },
    {
      "job_id": 52,
      "title": "방과후돌봄지원단",
      "hourly_wage": 12684,
      "work_days": "1000111",
      "start_time": "9:00:00",
      "end_time": "18:00:00",
      "place": "서울형 키즈카페 암사1동점",
      "address": "서울특별시 강동구 올림픽로98길 15",
      "job_latitude": null,
      "job_longitude": null,
      "sim_interest": null
    },
    {
      "job_id": 53,
      "title": "방과후돌봄지원단",
      "hourly_wage": 12684,
      "work_days": "1000111",
      "start_time": "9:00:00",
      "end_time": "18:00:00",
      "place": "서울형 키즈카페 상일2동점",
      "address": " 서울특별시 강동구 고덕로98길 71",
      "job_latitude": null,
      "job_longitude": null,
      "sim_interest": null
    },
    {
      "job_id": 54,
      "title": "방과후돌봄지원단",
      "hourly_wage": 12684,
      "work_days": "1000111",
      "start_time": "9:00:00",
      "end_time": "18:00:00",
      "place": "서울형 키즈카페 고덕2동점",
      "address": " 서울특별시 강동구 고덕로 353",
      "job_latitude": null,
      "job_longitude": null,
      "sim_interest": null
    },
    {
      "job_id": 55,
      "title": "방과후돌봄지원단",
      "hourly_wage": 12684,
      "work_days": "1000111",
      "start_time": "9:00:00",
      "end_time": "18:00:00",
      "place": "서울형 키즈카페 성내점",
      "address": "서울특별시 강동구 성내로6길 16",
      "job_latitude": null,
      "job_longitude": null,
      "sim_interest": null
    },
    {
      "job_id": 56,
      "title": "방과후돌봄지원단",
      "hourly_wage": 12684,
      "work_days": "1000111",
      "start_time": "9:00:00",
      "end_time": "18:00:00",
      "place": "아이맘강동 길동점",
      "address": "서울특별시 강동구 양재대로 1486",
      "job_latitude": null,
      "job_longitude": null,
      "sim_interest": null
    },
    {
      "job_id": 57,
      "title": "방과후돌봄지원단",
      "hourly_wage": 12684,
      "work_days": "1000111",
      "start_time": "9:00:00",
      "end_time": "18:00:00",
      "place": "아이맘강동 암사점",
      "address": " 서울특별시 강동구 고덕로 27길 7",
      "job_latitude": null,
      "job_longitude": null,
      "sim_interest": null
    },
    {
      "job_id": 58,
      "title": "방과후돌봄지원단",
      "hourly_wage": 12684,
      "work_days": "1000111",
      "start_time": "9:00:00",
      "end_time": "18:00:00",
      "place": "아이맘강동 천호공원점",
      "address": "서울특별시 강동구 상암로 168",
      "job_latitude": null,
      "job_longitude": null,
      "sim_interest": null
    },
    {
      "job_id": 59,
      "title": "방과후돌봄지원단",
      "hourly_wage": 12684,
      "work_days": "1000111",
      "start_time": "9:00:00",
      "end_time": "18:00:00",
      "place": "아이맘강동 고덕점",
      "address": "서울특별시 강동구 동남로 930 ",
      "job_latitude": null,
      "job_longitude": null,
      "sim_interest": null
    },
    {
      "job_id": 60,
      "title": "방과후돌봄지원단",
      "hourly_wage": 12684,
      "work_days": "1000111",
      "start_time": "9:00:00",
      "end_time": "18:00:00",
      "place": "아이맘강동 천호점",
      "address": "서울특별시 강동구 상암로 168 (천호동)",
      "job_latitude": null,
      "job_longitude": null,
      "sim_interest": null
    },
    {
      "job_id": 61,
      "title": "늘봄학교지원단",
      "hourly_wage": 12684,
      "work_days": "1000111",
      "start_time": "9:00:00",
      "end_time": "18:00:00",
      "place": "명일초",
      "address": "서울특별시 강동구 고덕로38길 8 (암사동)",
      "job_latitude": null,
      "job_longitude": null,
      "sim_interest": null
    },
    {
      "job_id": 62,
      "title": "늘봄학교지원단",
      "hourly_wage": 12684,
      "work_days": "1000111",
      "start_time": "9:00:00",
      "end_time": "18:00:00",
      "place": "강덕초",
      "address": "서울특별시 강동구 동남로82길 94-54 (고덕동)\r",
      "job_latitude": null,
      "job_longitude": null,
      "sim_interest": null
    },
    {
      "job_id": 63,
      "title": "늘봄학교지원단",
      "hourly_wage": 12684,
      "work_days": "1000111",
      "start_time": "9:00:00",
      "end_time": "18:00:00",
      "place": "고일초",
      "address": "서울특별시 강동구 구천면로93길 20 (상일동)",
      "job_latitude": null,
      "job_longitude": null,
      "sim_interest": null
    },
    {
      "job_id": 64,
      "title": "늘봄학교지원단",
      "hourly_wage": 12684,
      "work_days": "1000111",
      "start_time": "9:00:00",
      "end_time": "18:00:00",
      "place": "고현초",
      "address": "서울특별시 강동구 상일로11길 110 (상일동)\r",
      "job_latitude": null,
      "job_longitude": null,
      "sim_interest": null
    },
    {
      "job_id": 65,
      "title": "늘봄학교지원단",
      "hourly_wage": 12684,
      "work_days": "1000111",
      "start_time": "9:00:00",
      "end_time": "18:00:00",
      "place": "명덕초",
      "address": "서울특별시 강동구 양재대로156길 11 (고덕동)\r",
      "job_latitude": null,
      "job_longitude": null,
      "sim_interest": null
    },
    {
      "job_id": 66,
      "title": "늘봄학교지원단",
      "hourly_wage": 12684,
      "work_days": "1000111",
      "start_time": "9:00:00",
      "end_time": "18:00:00",
      "place": "명원초",
      "address": "서울특별시 강동구 명일로 364 (명일동)",
      "job_latitude": null,
      "job_longitude": null,
      "sim_interest": null
    },
    {
      "job_id": 67,
      "title": "늘봄학교지원단",
      "hourly_wage": 12684,
      "work_days": "1000111",
      "start_time": "9:00:00",
      "end_time": "18:00:00",
      "place": "선사초",
      "address": "서울특별시 강동구 올림픽로 837 (암사동)\r",
      "job_latitude": null,
      "job_longitude": null,
      "sim_interest": null
    },
    {
      "job_id": 68,
      "title": "늘봄학교지원단",
      "hourly_wage": 12684,
      "work_days": "1000111",
      "start_time": "9:00:00",
      "end_time": "18:00:00",
      "place": "성일초",
      "address": "서울특별시 강동구 성내로15길 33 (성내동)",
      "job_latitude": null,
      "job_longitude": null,
      "sim_interest": null
    },
    {
      "job_id": 69,
      "title": "늘봄학교지원단",
      "hourly_wage": 12684,
      "work_days": "1000111",
      "start_time": "9:00:00",
      "end_time": "18:00:00",
      "place": "신명초",
      "address": "서울특별시 강동구 명일로24길 33 (길동)",
      "job_latitude": null,
      "job_longitude": null,
      "sim_interest": null
    },
    {
      "job_id": 70,
      "title": "늘봄학교지원단",
      "hourly_wage": 12684,
      "work_days": "1000111",
      "start_time": "9:00:00",
      "end_time": "18:00:00",
      "place": "천호초",
      "address": "서울특별시 강동구 구천면로 310-11 (천호동)",
      "job_latitude": null,
      "job_longitude": null,
      "sim_interest": null
    },
    {
      "job_id": 71,
      "title": "늘봄학교지원단",
      "hourly_wage": 12684,
      "work_days": "1000111",
      "start_time": "9:00:00",
      "end_time": "18:00:00",
      "place": "위례초",
      "address": "서울특별시 강동구 명일로 23 (둔촌동)",
      "job_latitude": null,
      "job_longitude": null,
      "sim_interest": null
    },
    {
      "job_id": 72,
      "title": "늘봄학교지원단",
      "hourly_wage": 12684,
      "work_days": "1000111",
      "start_time": "9:00:00",
      "end_time": "18:00:00",
      "place": "둔촌초",
      "address": "서울특별시 강동구 양재대로88길 27 (둔촌동)",
      "job_latitude": null,
      "job_longitude": null,
      "sim_interest": null
    },
    {
      "job_id": 73,
      "title": "늘봄학교지원단",
      "hourly_wage": 12684,
      "work_days": "1000111",
      "start_time": "9:00:00",
      "end_time": "18:00:00",
      "place": "명일초(돌봄)",
      "address": "서울특별시 강동구 고덕로38길 8 (암사동)",
      "job_latitude": null,
      "job_longitude": null,
      "sim_interest": null
    },
    {
      "job_id": 74,
      "title": "늘봄학교지원단",
      "hourly_wage": 12684,
      "work_days": "1000111",
      "start_time": "9:00:00",
      "end_time": "18:00:00",
      "place": "강덕초(돌봄)",
      "address": "서울특별시 강동구 동남로82길 94-54 (고덕동)",
      "job_latitude": null,
      "job_longitude": null,
      "sim_interest": null
    },
    {
      "job_id": 75,
      "title": "늘봄학교지원단",
      "hourly_wage": 12684,
      "work_days": "1000111",
      "start_time": "9:00:00",
      "end_time": "18:00:00",
      "place": "고일초(돌봄)",
      "address": "서울특별시 강동구 구천면로93길 20 (상일동)\r",
      "job_latitude": null,
      "job_longitude": null,
      "sim_interest": null
    },
    {
      "job_id": 76,
      "title": "늘봄학교지원단",
      "hourly_wage": 12684,
      "work_days": "1000111",
      "start_time": "9:00:00",
      "end_time": "18:00:00",
      "place": "선사초(돌봄)",
      "address": "서울특별시 강동구 올림픽로 837 (암사동)\r",
      "job_latitude": null,
      "job_longitude": null,
      "sim_interest": null
    },
    {
      "job_id": 77,
      "title": "늘봄학교지원단",
      "hourly_wage": 12684,
      "work_days": "1000111",
      "start_time": "9:00:00",
      "end_time": "18:00:00",
      "place": "신명초(돌봄)",
      "address": "서울특별시 강동구 명일로24길 33 (길동)",
      "job_latitude": null,
      "job_longitude": null,
      "sim_interest": null
    },
    {
      "job_id": 78,
      "title": "늘봄학교지원단",
      "hourly_wage": 12684,
      "work_days": "1000111",
      "start_time": "9:00:00",
      "end_time": "18:00:00",
      "place": "위례초(돌봄)",
      "address": "서울특별시 강동구 명일로 23 (둔촌동)",
      "job_latitude": null,
      "job_longitude": null,
      "sim_interest": null
    },
    {
      "job_id": 79,
      "title": "늘봄학교지원단",
      "hourly_wage": 12684,
      "work_days": "1000111",
      "start_time": "9:00:00",
      "end_time": "18:00:00",
      "place": "둔촌초(돌봄)",
      "address": "서울특별시 강동구 양재대로88길 27 (둔촌동)",
      "job_latitude": null,
      "job_longitude": null,
      "sim_interest": null
    },
    {
      "job_id": 80,
      "title": "청소년시설지원단",
      "hourly_wage": 12684,
      "work_days": "1000111",
      "start_time": "9:00:00",
      "end_time": "18:00:00",
      "place": "둔촌청소년문화의집",
      "address": "서울특별시 강동구 진황도로61길 25-23",
      "job_latitude": null,
      "job_longitude": null,
      "sim_interest": null
    },
    {
      "job_id": 81,
      "title": "청소년시설지원단",
      "hourly_wage": 12684,
      "work_days": "1000111",
      "start_time": "9:00:00",
      "end_time": "18:00:00",
      "place": "천호청소년문화의집",
      "address": "서울특별시 강동구 천중로 61 (천호동)",
      "job_latitude": null,
      "job_longitude": null,
      "sim_interest": null
    },
    {
      "job_id": 82,
      "title": "청소년시설지원단",
      "hourly_wage": 12684,
      "work_days": "1000111",
      "start_time": "9:00:00",
      "end_time": "18:00:00",
      "place": "강동구아동청소년미래본부",
      "address": "서울특별시 강동구 성내로 13",
      "job_latitude": null,
      "job_longitude": null,
      "sim_interest": null
    },
    {
      "job_id": 83,
      "title": "청소년시설지원단",
      "hourly_wage": 12684,
      "work_days": "1000111",
      "start_time": "9:00:00",
      "end_time": "18:00:00",
      "place": "강동구아동자치센터꿈미소",
      "address": "울특별시 강동구 암사제1동 471-29",
      "job_latitude": null,
      "job_longitude": null,
      "sim_interest": null
    },
    {
      "job_id": 84,
      "title": "청소년시설지원단",
      "hourly_wage": 12684,
      "work_days": "1000111",
      "start_time": "9:00:00",
      "end_time": "18:00:00",
      "place": "강동구청소년지원센터",
      "address": "서울특별시 강동구 아리수로93길 47",
      "job_latitude": null,
      "job_longitude": null,
      "sim_interest": null
    },
    {
      "job_id": 85,
      "title": "청소년시설지원단",
      "hourly_wage": 12684,
      "work_days": "1000111",
      "start_time": "9:00:00",
      "end_time": "18:00:00",
      "place": "시립강동청소년센터",
      "address": "서울특별시 강동구 아리수로93길 47",
      "job_latitude": null,
      "job_longitude": null,
      "sim_interest": null
    },
    {
      "job_id": 86,
      "title": "노인시설지원단 (구 데이원)",
      "hourly_wage": 12684,
      "work_days": "1000111",
      "start_time": "9:00:00",
      "end_time": "18:00:00",
      "place": "강일데이케어센터",
      "address": "서울 강동구 아리수로93길 33 (강일동, 베스트프라자)",
      "job_latitude": null,
      "job_longitude": null,
      "sim_interest": null
    },
    {
      "job_id": 87,
      "title": "노인시설지원단 (구 데이원)",
      "hourly_wage": 12684,
      "work_days": "1000111",
      "start_time": "9:00:00",
      "end_time": "18:00:00",
      "place": "시립강동실버케어센터",
      "address": "서울특별시 강동구 고덕로 185",
      "job_latitude": null,
      "job_longitude": null,
      "sim_interest": null
    },
    {
      "job_id": 88,
      "title": "노인시설지원단 (구 데이원)",
      "hourly_wage": 12684,
      "work_days": "1000111",
      "start_time": "9:00:00",
      "end_time": "18:00:00",
      "place": "반석데이케어센터",
      "address": "서울특별시 강동구 양재대로130길 11 (명일동)",
      "job_latitude": null,
      "job_longitude": null,
      "sim_interest": null
    },
    {
      "job_id": 89,
      "title": "노인시설지원단 (구 데이원)",
      "hourly_wage": 12684,
      "work_days": "1000111",
      "start_time": "9:00:00",
      "end_time": "18:00:00",
      "place": "봄날데이케어센터",
      "address": "서울특별시 강동구 상암로 195 (명일동)",
      "job_latitude": null,
      "job_longitude": null,
      "sim_interest": null
    },
    {
      "job_id": 90,
      "title": "노인시설지원단 (구 데이원)",
      "hourly_wage": 12684,
      "work_days": "1000111",
      "start_time": "9:00:00",
      "end_time": "18:00:00",
      "place": "포도나무요양원1호점",
      "address": "서울특별시 강동구 상암로 195 (명일동)",
      "job_latitude": null,
      "job_longitude": null,
      "sim_interest": null
    },
    {
      "job_id": 91,
      "title": "노인시설지원단 (구 데이원)",
      "hourly_wage": 12684,
      "work_days": "1000111",
      "start_time": "9:00:00",
      "end_time": "18:00:00",
      "place": "9학년데이케어센터",
      "address": "서울특별시 강동구 구천면로 304",
      "job_latitude": null,
      "job_longitude": null,
      "sim_interest": null
    },
    {
      "job_id": 92,
      "title": "노인시설지원단 (구 데이원)",
      "hourly_wage": 12684,
      "work_days": "1000111",
      "start_time": "9:00:00",
      "end_time": "18:00:00",
      "place": "e-한나데이케어센터",
      "address": "서울특별시 강동구 고덕로 40",
      "job_latitude": null,
      "job_longitude": null,
      "sim_interest": null
    },
    {
      "job_id": 93,
      "title": "노인시설지원단 (구 데이원)",
      "hourly_wage": 12684,
      "work_days": "1000111",
      "start_time": "9:00:00",
      "end_time": "18:00:00",
      "place": "늘편한요양원",
      "address": "서울특별시 강동구 구천면로 318 성산빌딩",
      "job_latitude": null,
      "job_longitude": null,
      "sim_interest": null
    },
    {
      "job_id": 94,
      "title": "노인시설지원단 (구 데이원)",
      "hourly_wage": 12684,
      "work_days": "1000111",
      "start_time": "9:00:00",
      "end_time": "18:00:00",
      "place": "행복데이케어센터",
      "address": "서울특별시 강동구 올림픽로98길 30",
      "job_latitude": null,
      "job_longitude": null,
      "sim_interest": null
    },
    {
      "job_id": 95,
      "title": "노인시설지원단 (구 데이원)",
      "hourly_wage": 12684,
      "work_days": "1000111",
      "start_time": "9:00:00",
      "end_time": "18:00:00",
      "place": "강동힐링요양원",
      "address": "서울특별시 강동구 길동 215번지 신동빌딩",
      "job_latitude": null,
      "job_longitude": null,
      "sim_interest": null
    },
    {
      "job_id": 96,
      "title": "노인시설지원단 (구 데이원)",
      "hourly_wage": 12684,
      "work_days": "1000111",
      "start_time": "9:00:00",
      "end_time": "18:00:00",
      "place": "그랜드너싱홈요양원",
      "address": "서울특별시 강동구 양재대로 1465",
      "job_latitude": null,
      "job_longitude": null,
      "sim_interest": null
    },
    {
      "job_id": 97,
      "title": "노인시설지원단 (구 데이원)",
      "hourly_wage": 12684,
      "work_days": "1000111",
      "start_time": "9:00:00",
      "end_time": "18:00:00",
      "place": "마더노인요양센터",
      "address": "서울특별시 강동구 명일로 230",
      "job_latitude": null,
      "job_longitude": null,
      "sim_interest": null
    },
    {
      "job_id": 98,
      "title": "노인시설지원단 (구 데이원)",
      "hourly_wage": 12684,
      "work_days": "1000111",
      "start_time": "9:00:00",
      "end_time": "18:00:00",
      "place": "A+하모니주야간보호센터",
      "address": "서울특별시 강동구 올림픽로 698",
      "job_latitude": null,
      "job_longitude": null,
      "sim_interest": null
    },
    {
      "job_id": 99,
      "title": "노인시설지원단 (구 데이원)",
      "hourly_wage": 12684,
      "work_days": "1000111",
      "start_time": "9:00:00",
      "end_time": "18:00:00",
      "place": "서울케어링하우스",
      "address": "서울특별시 강동구 올림픽로 831",
      "job_latitude": null,
      "job_longitude": null,
      "sim_interest": null
    },
    {
      "job_id": 100,
      "title": "노인시설지원단 (구 데이원)",
      "hourly_wage": 12684,
      "work_days": "1000111",
      "start_time": "9:00:00",
      "end_time": "18:00:00",
      "place": "성내프라임데이케어센터",
      "address": "서울특별시 강동구 성안로 61 4층 (성내동)",
      "job_latitude": null,
      "job_longitude": null,
      "sim_interest": null
    },
    {
      "job_id": 101,
      "title": "노인시설지원단 (구 데이원)",
      "hourly_wage": 12684,
      "work_days": "1000111",
      "start_time": "9:00:00",
      "end_time": "18:00:00",
      "place": "강동사랑데이케어센터",
      "address": "서울특별시 강동구 천호옛14길 37 (성내동)",
      "job_latitude": null,
      "job_longitude": null,
      "sim_interest": null
    },
    {
      "job_id": 102,
      "title": "노인시설지원단 (구 데이원)",
      "hourly_wage": 12684,
      "work_days": "1000111",
      "start_time": "9:00:00",
      "end_time": "18:00:00",
      "place": "강동천호실버센터1호점",
      "address": "서울특별시 강동구 올림픽로 664 (천호동, 대우 한강 베네시티)",
      "job_latitude": null,
      "job_longitude": null,
      "sim_interest": null
    },
    {
      "job_id": 103,
      "title": "노인시설지원단 (구 데이원)",
      "hourly_wage": 12684,
      "work_days": "1000111",
      "start_time": "9:00:00",
      "end_time": "18:00:00",
      "place": "강동천호실버센터2호점",
      "address": "서울특별시 강동구 올림픽로 664 (천호동, 대우 한강 베네시티)",
      "job_latitude": null,
      "job_longitude": null,
      "sim_interest": null
    },
    {
      "job_id": 104,
      "title": "노인시설지원단 (구 데이원)",
      "hourly_wage": 12684,
      "work_days": "1000111",
      "start_time": "9:00:00",
      "end_time": "18:00:00",
      "place": "은혜요양원",
      "address": "서울시 강동구 양재대로124길 41 (길동)",
      "job_latitude": null,
      "job_longitude": null,
      "sim_interest": null
    },
    {
      "job_id": 105,
      "title": "노인시설지원단 (구 데이원)",
      "hourly_wage": 12684,
      "work_days": "1000111",
      "start_time": "9:00:00",
      "end_time": "18:00:00",
      "place": "정원실버요양원1호점",
      "address": "서울 강동구 양재대로124길 41",
      "job_latitude": null,
      "job_longitude": null,
      "sim_interest": null
    },
    {
      "job_id": 106,
      "title": "노인시설지원단 (구 데이원)",
      "hourly_wage": 12684,
      "work_days": "1000111",
      "start_time": "9:00:00",
      "end_time": "18:00:00",
      "place": "정원실버요양원2호점",
      "address": "서울 강동구 양재대로124길 41 (길동, 성원빌딩)",
      "job_latitude": null,
      "job_longitude": null,
      "sim_interest": null
    },
    {
      "job_id": 107,
      "title": "노인시설지원단 (구 데이원)",
      "hourly_wage": 12684,
      "work_days": "1000111",
      "start_time": "9:00:00",
      "end_time": "18:00:00",
      "place": "흰돌장기요양원1호점",
      "address": "서울특별시 강동구 구천면로 323 (암사동, 개나리프라자)",
      "job_latitude": null,
      "job_longitude": null,
      "sim_interest": null
    },
    {
      "job_id": 108,
      "title": "노인시설지원단 (구 데이원)",
      "hourly_wage": 12684,
      "work_days": "1000111",
      "start_time": "9:00:00",
      "end_time": "18:00:00",
      "place": "흰돌장기요양원2호점",
      "address": "서울특별시 강동구 구천면로 323 (암사동, 개나리프라자)",
      "job_latitude": null,
      "job_longitude": null,
      "sim_interest": null
    },
    {
      "job_id": 109,
      "title": "노인시설지원단 (구 데이원)",
      "hourly_wage": 12684,
      "work_days": "1000111",
      "start_time": "9:00:00",
      "end_time": "18:00:00",
      "place": "흰돌장기요양원3호점",
      "address": "서울특별시 강동구 구천면로 323 (암사동, 개나리프라자)",
      "job_latitude": null,
      "job_longitude": null,
      "sim_interest": null
    },
    {
      "job_id": 110,
      "title": "시니어승강기안전단-오전반",
      "hourly_wage": 12684,
      "work_days": "1000111",
      "start_time": "9:00:00",
      "end_time": "18:00:00",
      "place": "상일동역",
      "address": "서울특별시 강동구 고덕로 지하359 (상일동)",
      "job_latitude": null,
      "job_longitude": null,
      "sim_interest": null
    },
    {
      "job_id": 111,
      "title": "시니어승강기안전단-오후반",
      "hourly_wage": 12684,
      "work_days": "1000111",
      "start_time": "9:00:00",
      "end_time": "18:00:00",
      "place": "상일동역",
      "address": "서울특별시 강동구 고덕로 지하359 (상일동)",
      "job_latitude": null,
      "job_longitude": null,
      "sim_interest": null
    },
    {
      "job_id": 112,
      "title": "시니어승강기안전단-저녁반",
      "hourly_wage": 12684,
      "work_days": "1000111",
      "start_time": "9:00:00",
      "end_time": "18:00:00",
      "place": "상일동역",
      "address": "서울특별시 강동구 고덕로 지하359 (상일동)",
      "job_latitude": null,
      "job_longitude": null,
      "sim_interest": null
    },
    {
      "job_id": 113,
      "title": "시니어승강기안전단-오전반",
      "hourly_wage": 12684,
      "work_days": "1000111",
      "start_time": "9:00:00",
      "end_time": "18:00:00",
      "place": "암사역",
      "address": "서울특별시 강동구 올림픽로 지하776 (암사동)",
      "job_latitude": null,
      "job_longitude": null,
      "sim_interest": null
    },
    {
      "job_id": 114,
      "title": "시니어승강기안전단-오후반",
      "hourly_wage": 12684,
      "work_days": "1000111",
      "start_time": "9:00:00",
      "end_time": "18:00:00",
      "place": "암사역",
      "address": "서울특별시 강동구 올림픽로 지하776 (암사동)",
      "job_latitude": null,
      "job_longitude": null,
      "sim_interest": null
    },
    {
      "job_id": 115,
      "title": "시니어승강기안전단-저녁반",
      "hourly_wage": 12684,
      "work_days": "1000111",
      "start_time": "9:00:00",
      "end_time": "18:00:00",
      "place": "암사역",
      "address": "서울특별시 강동구 올림픽로 지하776 (암사동)",
      "job_latitude": null,
      "job_longitude": null,
      "sim_interest": null
    },
    {
      "job_id": 116,
      "title": "장애인시설지원단",
      "hourly_wage": 12684,
      "work_days": "1000111",
      "start_time": "9:00:00",
      "end_time": "18:00:00",
      "place": "홀트강동복지관",
      "address": "서울특별시 강동구 아리수로93길 41",
      "job_latitude": null,
      "job_longitude": null,
      "sim_interest": null
    },
    {
      "job_id": 117,
      "title": "장애인시설지원단",
      "hourly_wage": 12684,
      "work_days": "1000111",
      "start_time": "9:00:00",
      "end_time": "18:00:00",
      "place": "아름해든집",
      "address": "서울특별시 강동구 고덕로 295-45",
      "job_latitude": null,
      "job_longitude": null,
      "sim_interest": null
    },
    {
      "job_id": 118,
      "title": "장애인시설지원단",
      "hourly_wage": 12684,
      "work_days": "1000111",
      "start_time": "9:00:00",
      "end_time": "18:00:00",
      "place": "우성원",
      "address": "서울특별시 강동구 고덕제2동 298",
      "job_latitude": null,
      "job_longitude": null,
      "sim_interest": null
    },
    {
      "job_id": 119,
      "title": "장애인시설지원단",
      "hourly_wage": 12684,
      "work_days": "1000111",
      "start_time": "9:00:00",
      "end_time": "18:00:00",
      "place": "장애인연합회",
      "address": "서울특별시 강동구 상암로 369 (상일동)",
      "job_latitude": null,
      "job_longitude": null,
      "sim_interest": null
    },
    {
      "job_id": 120,
      "title": "장애인시설지원단",
      "hourly_wage": 12684,
      "work_days": "1000111",
      "start_time": "9:00:00",
      "end_time": "18:00:00",
      "place": "주몽재활원",
      "address": "서울특별시 강동구 상암로 369 (상일동)",
      "job_latitude": null,
      "job_longitude": null,
      "sim_interest": null
    }
  ],
  "meta": {
    "k": 120,
    "query": "가벼운 실내 안내"
  }
}