job_id,title,participants,hourly_wage,place,address,work_days,start_time,end_time,client,description
1,시니어 복지 보안관,4,12684,길동,서울특별시 강동구 길동,1111111,9:00:00,18:00:00,성내종합사회복지관,"건강 고위험군 일일 안부확인, 1인가구 일제조사, 상가·관리사무소 방문 및 취약계층 발굴신고 홍보, 후원품 등 민간자원 연계, 문고리 홍보물 배부"
2,시니어 복지 보안관,2,12684,성내1동,서울특별시 강동구 성내1동,1111111,9:00:00,18:00:00,성내종합사회복지관,"건강 고위험군 일일 안부확인, 1인가구 일제조사, 상가·관리사무소 방문 및 취약계층 발굴신고 홍보, 후원품 등 민간자원 연계, 문고리 홍보물 배부"
3,시니어 복지 보안관,4,12684,성내2동,서울특별시 강동구 성내2동,1111111,9:00:00,18:00:00,성내종합사회복지관,"건강 고위험군 일일 안부확인, 1인가구 일제조사, 상가·관리사무소 방문 및 취약계층 발굴신고 홍보, 후원품 등 민간자원 연계, 문고리 홍보물 배부"
4,시니어 복지 보안관,4,12684,성내3동,서울특별시 강동구 성내3동,1111111,9:00:00,18:00:00,성내종합사회복지관,"건강 고위험군 일일 안부확인, 1인가구 일제조사, 상가·관리사무소 방문 및 취약계층 발굴신고 홍보, 후원품 등 민간자원 연계, 문고리 홍보물 배부"
5,시니어 복지 보안관,4,12684,천호1동,서울특별시 강동구 천호1동,1111111,9:00:00,18:00:00,성내종합사회복지관,"건강 고위험군 일일 안부확인, 1인가구 일제조사, 상가·관리사무소 방문 및 취약계층 발굴신고 홍보, 후원품 등 민간자원 연계, 문고리 홍보물 배부"
6,시니어 복지 보안관,4,12684,천호2동,서울특별시 강동구 천호2동,1111111,9:00:00,18:00:00,성내종합사회복지관,"건강 고위험군 일일 안부확인, 1인가구 일제조사, 상가·관리사무소 방문 및 취약계층 발굴신고 홍보, 후원품 등 민간자원 연계, 문고리 홍보물 배부"
7,시니어 복지 보안관,4,12684,천호3동,서울특별시 강동구 천호3동,1111111,9:00:00,18:00:00,성내종합사회복지관,"건강 고위험군 일일 안부확인, 1인가구 일제조사, 상가·관리사무소 방문 및 취약계층 발굴신고 홍보, 후원품 등 민간자원 연계, 문고리 홍보물 배부"
8,시니어 복지 보안관,4,12684,고덕1동,서울특별시 강동구 고덕1동,1111111,9:00:00,18:00:00,성내종합사회복지관,"건강 고위험군 일일 안부확인, 1인가구 일제조사, 상가·관리사무소 방문 및 취약계층 발굴신고 홍보, 후원품 등 민간자원 연계, 문고리 홍보물 배부"
9,시니어 복지 보안관,2,12684,고덕2동,서울특별시 강동구 고덕2동,1111111,9:00:00,18:00:00,성내종합사회복지관,"건강 고위험군 일일 안부확인, 1인가구 일제조사, 상가·관리사무소 방문 및 취약계층 발굴신고 홍보, 후원품 등 민간자원 연계, 문고리 홍보물 배부"
10,시니어 복지 보안관,4,12684,암사1동,서울특별시 강동구 암사1동,1111111,9:00:00,18:00:00,성내종합사회복지관,"건강 고위험군 일일 안부확인, 1인가구 일제조사, 상가·관리사무소 방문 및 취약계층 발굴신고 홍보, 후원품 등 민간자원 연계, 문고리 홍보물 배부"
11,시니어 복지 보안관,2,12684,암사2동,서울특별시 강동구 암사2동,1111111,9:00:00,18:00:00,성내종합사회복지관,"건강 고위험군 일일 안부확인, 1인가구 일제조사, 상가·관리사무소 방문 및 취약계층 발굴신고 홍보, 후원품 등 민간자원 연계, 문고리 홍보물 배부"
12,시니어 복지 보안관,2,12684,암사3동,서울특별시 강동구 암사3동,1111111,9:00:00,18:00:00,성내종합사회복지관,"건강 고위험군 일일 안부확인, 1인가구 일제조사, 상가·관리사무소 방문 및 취약계층 발굴신고 홍보, 후원품 등 민간자원 연계, 문고리 홍보물 배부"
13,시니어 복지 보안관,3,12684,명일1동,서울특별시 강동구 명일1동,1111111,9:00:00,18:00:00,성내종합사회복지관,"건강 고위험군 일일 안부확인, 1인가구 일제조사, 상가·관리사무소 방문 및 취약계층 발굴신고 홍보, 후원품 등 민간자원 연계, 문고리 홍보물 배부"
14,시니어 복지 보안관,4,12684,둔촌2동,서울특별시 강동구 둔촌2동,1111111,9:00:00,18:00:00,성내종합사회복지관,"건강 고위험군 일일 안부확인, 1인가구 일제조사, 상가·관리사무소 방문 및 취약계층 발굴신고 홍보, 후원품 등 민간자원 연계, 문고리 홍보물 배부"
15,시니어 공공 서포터즈,23,12684,성내종합사회복지관,서울특별시 강동구 성안로13길 56 (성내동),1111111,9:00:00,18:00:00,성내종합사회복지관,"복지관 이용자 응대, 프로그램 운영 보조, 복지관 업무 지원"
16,시니어 공공 서포터즈,3,12684,서울장애인종합복지관,서울특별시 강동구 고덕로 201 (고덕동),1111111,9:00:00,18:00:00,성내종합사회복지관,"복지관 이용자 응대, 프로그램 운영 보조, 복지관 업무 지원"
17,시니어 공공 서포터즈,2,12684,어울림복지관,서울특별시 강동구 올림픽로 741 (천호동),1111111,9:00:00,18:00:00,성내종합사회복지관,"복지관 이용자 응대, 프로그램 운영 보조, 복지관 업무 지원"
18,시니어 사서도우미,2,12684,글고운작은도서관,서울특별시 강동구 성내로 13,1111111,9:00:00,18:00:00,성내종합사회복지관,"도서관 이용자 응대, 도서 대여 및 반납 서비스 보조, 도서관 도서 정리 및 환경 정비"
19,시니어 사서도우미,2,12684,가람슬기작은도서관,서울특별시 강동구 강동대로53길 76,1111111,9:00:00,18:00:00,성내종합사회복지관,"도서관 이용자 응대, 도서 대여 및 반납 서비스 보조, 도서관 도서 정리 및 환경 정비"
20,시니어 사서도우미,2,12684,아람작은도서관,서울특별시 강동구 양재대로84길 31,1111111,9:00:00,18:00:00,성내종합사회복지관,"도서관 이용자 응대, 도서 대여 및 반납 서비스 보조, 도서관 도서 정리 및 환경 정비"
21,시니어 사서도우미,2,12684,파랑새작은도서관,서울특별시 강동구 천호대로186길 7 (둔촌동),1111111,9:00:00,18:00:00,성내종합사회복지관,"도서관 이용자 응대, 도서 대여 및 반납 서비스 보조, 도서관 도서 정리 및 환경 정비"
22,시니어 사서도우미,2,12684,부엉이작은도서관,서울특별시 강동구 진황도로23길 7(천호동) ,1111111,9:00:00,18:00:00,성내종합사회복지관,"도서관 이용자 응대, 도서 대여 및 반납 서비스 보조, 도서관 도서 정리 및 환경 정비"
23,시니어 사서도우미,2,12684,반딧불작은도서관,서울특별시 강동구 천호대로 1183,1111111,9:00:00,18:00:00,성내종합사회복지관,"도서관 이용자 응대, 도서 대여 및 반납 서비스 보조, 도서관 도서 정리 및 환경 정비"
24,시니어 사서도우미,2,12684,작은도서관웃는책,서울특별시 강동구 구천면로42길 60,1111111,9:00:00,18:00:00,성내종합사회복지관,"도서관 이용자 응대, 도서 대여 및 반납 서비스 보조, 도서관 도서 정리 및 환경 정비"
25,시니어 사서도우미,2,12684,글향기작은도서관,서울특별시 강동구 구천면로42길 59,1111111,9:00:00,18:00:00,성내종합사회복지관,"도서관 이용자 응대, 도서 대여 및 반납 서비스 보조, 도서관 도서 정리 및 환경 정비"
26,시니어 사서도우미,3,12684,책꾸러미작은도서관,서울특별시 강동구 명일동 223-7,1111111,9:00:00,18:00:00,성내종합사회복지관,"도서관 이용자 응대, 도서 대여 및 반납 서비스 보조, 도서관 도서 정리 및 환경 정비"
27,시니어 사서도우미,3,12684,해오름작은도서관,서울특별시 강동구 상암로3길 28,1111111,9:00:00,18:00:00,성내종합사회복지관,"도서관 이용자 응대, 도서 대여 및 반납 서비스 보조, 도서관 도서 정리 및 환경 정비"
28,시니어 사서도우미,3,12684,채우리작은도서관,서울특별시 강동구 고덕로24길 49,1111111,9:00:00,18:00:00,성내종합사회복지관,"도서관 이용자 응대, 도서 대여 및 반납 서비스 보조, 도서관 도서 정리 및 환경 정비"
29,장애인직업적응지원단,6,12684,직업재능개발센터,서울특별시 강동구 올림픽로 588,1111111,9:00:00,18:00:00,강동시니어클럽,"장애인직업재활 보조활동, 생산품 품질관리 활동"
30,장애인직업적응지원단,5,12684,소망드림복지센터,서울특별시 강동구 양재대로116길 20,1111111,9:00:00,18:00:00,강동시니어클럽,"장애인직업재활 보조활동, 생산품 품질관리 활동"
31,장애인직업적응지원단,5,12684,선한복지센터,서울특별시 강동구 양재대로91길 62-0 ,1111111,9:00:00,18:00:00,강동시니어클럽,"장애인직업재활 보조활동, 생산품 품질관리 활동"
32,장애인직업적응지원단,1,12684,강동그린나래복지센터,서울특별시 강동구 고덕로 100-5,1111111,9:00:00,18:00:00,강동시니어클럽,"장애인직업재활 보조활동, 생산품 품질관리 활동"
33,장애인직업적응지원단,1,12684,서울장애인종합복지관보호작업장,서울특별시 강동구 고덕로 201,1111111,9:00:00,18:00:00,강동시니어클럽,"장애인직업재활 보조활동, 생산품 품질관리 활동"
34,방과후돌봄지원단,2,12684,우리동네키움센터 강동1호점,서울특별시 강동구 올림픽로 98가길 28,1111111,9:00:00,18:00:00,강동시니어클럽,"프로그램 활동 보조, 야외활동 시 보조, 이용자 안전 관리, 급·간식 배식"
35,방과후돌봄지원단,2,12684,우리동네키움센터 강동2호점,서울특별시 강동구 동남로 67길 21,1111111,9:00:00,18:00:00,강동시니어클럽,"프로그램 활동 보조, 야외활동 시 보조, 이용자 안전 관리, 급·간식 배식"
36,방과후돌봄지원단,3,12684,강동3호점 우리동네키움센터,서울특별시 강동구 아리수로 421,1111111,9:00:00,18:00:00,강동시니어클럽,"프로그램 활동 보조, 야외활동 시 보조, 이용자 안전 관리, 급·간식 배식"
37,방과후돌봄지원단,2,12684,강동4호점 우리동네키움센터,서울특별시 강동구 성내로 6다길 55,1111111,9:00:00,18:00:00,강동시니어클럽,"프로그램 활동 보조, 야외활동 시 보조, 이용자 안전 관리, 급·간식 배식"
38,방과후돌봄지원단,2,12684,우리동네키움센터 강동5호점,서울특별시 강동구 동남로 82길 97,1111111,9:00:00,18:00:00,강동시니어클럽,"프로그램 활동 보조, 야외활동 시 보조, 이용자 안전 관리, 급·간식 배식"
39,방과후돌봄지원단,4,12684,아이플러스키움센터 강동6호점,서울특별시 강동구 올림픽로 752,1111111,9:00:00,18:00:00,강동시니어클럽,"프로그램 활동 보조, 야외활동 시 보조, 이용자 안전 관리, 급·간식 배식"
40,방과후돌봄지원단,2,12684,우리동네키움센터 강동7호점,서울특별시 강동구 천중로 61,1111111,9:00:00,18:00:00,강동시니어클럽,"프로그램 활동 보조, 야외활동 시 보조, 이용자 안전 관리, 급·간식 배식"
41,방과후돌봄지원단,2,12684,강동지역아동복지센터,서울특별시 강동구 구천면로68길 46,1111111,9:00:00,18:00:00,강동시니어클럽,"프로그램 활동 보조, 야외활동 시 보조, 이용자 안전 관리, 급·간식 배식"
42,방과후돌봄지원단,2,12684,고덕2동청소년지역아동센터,서울특별시 강동구 상일로17길 17,1111111,9:00:00,18:00:00,강동시니어클럽,주방업무 보조
43,방과후돌봄지원단,2,12684,구립길리청소년지역아동센터,서울특별시 강동구 양재대로114길 38,1111111,9:00:00,18:00:00,강동시니어클럽,주방업무 보조
44,방과후돌봄지원단,2,12684,구립함께하는지역아동센터,서울특별시 강동구 상일로12길 95,1111111,9:00:00,18:00:00,강동시니어클럽,주방업무 보조
45,방과후돌봄지원단,2,12684,꿈꾸는땅지역아동센터,서울특별시 강동구 아리수로93나길 90,1111111,9:00:00,18:00:00,강동시니어클럽,주방업무 보조
46,방과후돌봄지원단,2,12684,나래지역아동센터,서울특별시 강동구 천중로53길 21,1111111,9:00:00,18:00:00,강동시니어클럽,주방업무 보조
47,방과후돌봄지원단,3,12684,동서울지역아동복지센터,서울특별시 강동구 둔촌제2동 61-4,1111111,9:00:00,18:00:00,강동시니어클럽,주방업무 보조
48,방과후돌봄지원단,2,12684,배움터지역아동센터,서울특별시 강동구 성안로 191,1111111,9:00:00,18:00:00,강동시니어클럽,주방업무 보조
49,방과후돌봄지원단,2,12684,구립성내지역아동센터,서울특별시 강동구 성안로13길 56,1111111,9:00:00,18:00:00,강동시니어클럽,주방업무 보조
50,방과후돌봄지원단,2,12684,암사꿈나무지역아동센터,서울특별시 강동구 상암로 87-1,1111111,9:00:00,18:00:00,강동시니어클럽,주방업무 보조
51,방과후돌봄지원단,2,12684,서울중심지역아동센터,서울특별시 강동구 천호대로162길 34,1111111,9:00:00,18:00:00,강동시니어클럽,"내·외부 정리정돈, 분리수거"
52,방과후돌봄지원단,4,12684,서울형 키즈카페 암사1동점,서울특별시 강동구 올림픽로98길 15,1111111,9:00:00,18:00:00,강동시니어클럽,"내·외부 정리정돈, 분리수거"
53,방과후돌봄지원단,6,12684,서울형 키즈카페 상일2동점, 서울특별시 강동구 고덕로98길 71,1111111,9:00:00,18:00:00,강동시니어클럽,"내·외부 정리정돈, 분리수거"
54,방과후돌봄지원단,2,12684,서울형 키즈카페 고덕2동점, 서울특별시 강동구 고덕로 353,1111111,9:00:00,18:00:00,강동시니어클럽,"내·외부 정리정돈, 분리수거"
55,방과후돌봄지원단,6,12684,서울형 키즈카페 성내점,서울특별시 강동구 성내로6길 16,1111111,9:00:00,18:00:00,강동시니어클럽,"내·외부 정리정돈, 분리수거"
56,방과후돌봄지원단,4,12684,아이맘강동 길동점,서울특별시 강동구 양재대로 1486,1111111,9:00:00,18:00:00,강동시니어클럽,"내·외부 정리정돈, 분리수거"
57,방과후돌봄지원단,4,12684,아이맘강동 암사점, 서울특별시 강동구 고덕로 27길 7,1111111,9:00:00,18:00:00,강동시니어클럽,"내·외부 정리정돈, 분리수거"
58,방과후돌봄지원단,4,12684,아이맘강동 천호공원점,서울특별시 강동구 상암로 168,1111111,9:00:00,18:00:00,강동시니어클럽,"내·외부 정리정돈, 분리수거"
59,방과후돌봄지원단,4,12684,아이맘강동 고덕점,서울특별시 강동구 동남로 930 ,1111111,9:00:00,18:00:00,강동시니어클럽,"내·외부 정리정돈, 분리수거"
60,방과후돌봄지원단,6,12684,아이맘강동 천호점,서울특별시 강동구 상암로 168 (천호동),1111111,9:00:00,18:00:00,강동시니어클럽,"내·외부 정리정돈, 분리수거"
61,늘봄학교지원단,2,12684,명일초,서울특별시 강동구 고덕로38길 8 (암사동),1111111,9:00:00,18:00:00,강동시니어클럽,"늘봄학교(초1맞춤프로그램 교실, 돌봄교실) 업무 지원, 학습 및 프로그램 활동 지원, 안전관리, 귀가지도, 수업준비 보조, 급·간식 도움, 환경정비"
62,늘봄학교지원단,4,12684,강덕초,"서울특별시 강동구 동남로82길 94-54 (고덕동)",1111111,9:00:00,18:00:00,강동시니어클럽,"늘봄학교(초2맞춤프로그램 교실, 돌봄교실) 업무 지원, 학습 및 프로그램 활동 지원, 안전관리, 귀가지도, 수업준비 보조, 급·간식 도움, 환경정비"
63,늘봄학교지원단,1,12684,고일초,서울특별시 강동구 구천면로93길 20 (상일동),1111111,9:00:00,18:00:00,강동시니어클럽,"늘봄학교(초3맞춤프로그램 교실, 돌봄교실) 업무 지원, 학습 및 프로그램 활동 지원, 안전관리, 귀가지도, 수업준비 보조, 급·간식 도움, 환경정비"
64,늘봄학교지원단,2,12684,고현초,"서울특별시 강동구 상일로11길 110 (상일동)",1111111,9:00:00,18:00:00,강동시니어클럽,"늘봄학교(초4맞춤프로그램 교실, 돌봄교실) 업무 지원, 학습 및 프로그램 활동 지원, 안전관리, 귀가지도, 수업준비 보조, 급·간식 도움, 환경정비"
65,늘봄학교지원단,1,12684,명덕초,"서울특별시 강동구 양재대로156길 11 (고덕동)",1111111,9:00:00,18:00:00,강동시니어클럽,"늘봄학교(초5맞춤프로그램 교실, 돌봄교실) 업무 지원, 학습 및 프로그램 활동 지원, 안전관리, 귀가지도, 수업준비 보조, 급·간식 도움, 환경정비"
66,늘봄학교지원단,1,12684,명원초,서울특별시 강동구 명일로 364 (명일동),1111111,9:00:00,18:00:00,강동시니어클럽,"늘봄학교(초6맞춤프로그램 교실, 돌봄교실) 업무 지원, 학습 및 프로그램 활동 지원, 안전관리, 귀가지도, 수업준비 보조, 급·간식 도움, 환경정비"
67,늘봄학교지원단,2,12684,선사초,"서울특별시 강동구 올림픽로 837 (암사동)",1111111,9:00:00,18:00:00,강동시니어클럽,"늘봄학교(초7맞춤프로그램 교실, 돌봄교실) 업무 지원, 학습 및 프로그램 활동 지원, 안전관리, 귀가지도, 수업준비 보조, 급·간식 도움, 환경정비"
68,늘봄학교지원단,2,12684,성일초,서울특별시 강동구 성내로15길 33 (성내동),1111111,9:00:00,18:00:00,강동시니어클럽,"늘봄학교(초8맞춤프로그램 교실, 돌봄교실) 업무 지원, 학습 및 프로그램 활동 지원, 안전관리, 귀가지도, 수업준비 보조, 급·간식 도움, 환경정비"
69,늘봄학교지원단,1,12684,신명초,서울특별시 강동구 명일로24길 33 (길동),1111111,9:00:00,18:00:00,강동시니어클럽,"늘봄학교(초9맞춤프로그램 교실, 돌봄교실) 업무 지원, 학습 및 프로그램 활동 지원, 안전관리, 귀가지도, 수업준비 보조, 급·간식 도움, 환경정비"
70,늘봄학교지원단,2,12684,천호초,서울특별시 강동구 구천면로 310-11 (천호동),1111111,9:00:00,18:00:00,강동시니어클럽,"늘봄학교(초10맞춤프로그램 교실, 돌봄교실) 업무 지원, 학습 및 프로그램 활동 지원, 안전관리, 귀가지도, 수업준비 보조, 급·간식 도움, 환경정비"
71,늘봄학교지원단,1,12684,위례초,서울특별시 강동구 명일로 23 (둔촌동),1111111,9:00:00,18:00:00,강동시니어클럽,"늘봄학교(초11맞춤프로그램 교실, 돌봄교실) 업무 지원, 학습 및 프로그램 활동 지원, 안전관리, 귀가지도, 수업준비 보조, 급·간식 도움, 환경정비"
72,늘봄학교지원단,1,12684,둔촌초,서울특별시 강동구 양재대로88길 27 (둔촌동),1111111,9:00:00,18:00:00,강동시니어클럽,"늘봄학교(초12맞춤프로그램 교실, 돌봄교실) 업무 지원, 학습 및 프로그램 활동 지원, 안전관리, 귀가지도, 수업준비 보조, 급·간식 도움, 환경정비"
73,늘봄학교지원단,2,12684,명일초(돌봄),서울특별시 강동구 고덕로38길 8 (암사동),1111111,9:00:00,18:00:00,강동시니어클럽,"늘봄학교(초13맞춤프로그램 교실, 돌봄교실) 업무 지원, 학습 및 프로그램 활동 지원, 안전관리, 귀가지도, 수업준비 보조, 급·간식 도움, 환경정비"
74,늘봄학교지원단,2,12684,강덕초(돌봄),서울특별시 강동구 동남로82길 94-54 (고덕동),1111111,9:00:00,18:00:00,강동시니어클럽,"늘봄학교(초14맞춤프로그램 교실, 돌봄교실) 업무 지원, 학습 및 프로그램 활동 지원, 안전관리, 귀가지도, 수업준비 보조, 급·간식 도움, 환경정비"
75,늘봄학교지원단,1,12684,고일초(돌봄),"서울특별시 강동구 구천면로93길 20 (상일동)",1111111,9:00:00,18:00:00,강동시니어클럽,"늘봄학교(초15맞춤프로그램 교실, 돌봄교실) 업무 지원, 학습 및 프로그램 활동 지원, 안전관리, 귀가지도, 수업준비 보조, 급·간식 도움, 환경정비"
76,늘봄학교지원단,1,12684,선사초(돌봄),"서울특별시 강동구 올림픽로 837 (암사동)",1111111,9:00:00,18:00:00,강동시니어클럽,"늘봄학교(초16맞춤프로그램 교실, 돌봄교실) 업무 지원, 학습 및 프로그램 활동 지원, 안전관리, 귀가지도, 수업준비 보조, 급·간식 도움, 환경정비"
77,늘봄학교지원단,1,12684,신명초(돌봄),서울특별시 강동구 명일로24길 33 (길동),1111111,9:00:00,18:00:00,강동시니어클럽,"늘봄학교(초17맞춤프로그램 교실, 돌봄교실) 업무 지원, 학습 및 프로그램 활동 지원, 안전관리, 귀가지도, 수업준비 보조, 급·간식 도움, 환경정비"
78,늘봄학교지원단,1,12684,위례초(돌봄),서울특별시 강동구 명일로 23 (둔촌동),1111111,9:00:00,18:00:00,강동시니어클럽,"늘봄학교(초18맞춤프로그램 교실, 돌봄교실) 업무 지원, 학습 및 프로그램 활동 지원, 안전관리, 귀가지도, 수업준비 보조, 급·간식 도움, 환경정비"
79,늘봄학교지원단,1,12684,둔촌초(돌봄),서울특별시 강동구 양재대로88길 27 (둔촌동),1111111,9:00:00,18:00:00,강동시니어클럽,"늘봄학교(초19맞춤프로그램 교실, 돌봄교실) 업무 지원, 학습 및 프로그램 활동 지원, 안전관리, 귀가지도, 수업준비 보조, 급·간식 도움, 환경정비"
80,청소년시설지원단,2,12684,둔촌청소년문화의집,서울특별시 강동구 진황도로61길 25-23,1111111,9:00:00,18:00:00,강동시니어클럽,청소년 대상 멘토 수업 진행(검정고시 및 대학 수능 관련); 청소년 대상 강사활동(수업진행)
81,청소년시설지원단,2,12684,천호청소년문화의집,서울특별시 강동구 천중로 61 (천호동),1111111,9:00:00,18:00:00,강동시니어클럽,학습 및 놀이활동 업무보조
82,청소년시설지원단,2,12684,강동구아동청소년미래본부,서울특별시 강동구 성내로 13,1111111,9:00:00,18:00:00,강동시니어클럽,학습 및 놀이활동 업무보조
83,청소년시설지원단,2,12684,강동구아동자치센터꿈미소,울특별시 강동구 암사제1동 471-29,1111111,9:00:00,18:00:00,강동시니어클럽,학습 및 놀이활동 업무보조
84,청소년시설지원단,1,12684,강동구청소년지원센터,서울특별시 강동구 아리수로93길 47,1111111,9:00:00,18:00:00,강동시니어클럽,청소년자유공간 정리(보드게임·닌텐도 대여); 주차장 출입관리 및 주차관리
85,청소년시설지원단,1,12684,시립강동청소년센터,서울특별시 강동구 아리수로93길 47,1111111,9:00:00,18:00:00,강동시니어클럽,청소년자유공간 정리(보드게임·닌텐도 대여); 주차장 출입관리 및 주차관리
86,노인시설지원단 (구 데이원),4,12684,강일데이케어센터,"서울 강동구 아리수로93길 33 (강일동, 베스트프라자)",1111111,9:00:00,18:00:00,강동시니어클럽,출근시간 작성; 근무복 착용 및 위생관리
87,노인시설지원단 (구 데이원),12,12684,시립강동실버케어센터,서울특별시 강동구 고덕로 185,1111111,9:00:00,18:00:00,강동시니어클럽,출근시간 작성; 근무복 착용 및 위생관리
88,노인시설지원단 (구 데이원),6,12684,반석데이케어센터,서울특별시 강동구 양재대로130길 11 (명일동),1111111,9:00:00,18:00:00,강동시니어클럽,급간식 조리 및 배식 보조; 위생관리 상태 점검
89,노인시설지원단 (구 데이원),2,12684,봄날데이케어센터,서울특별시 강동구 상암로 195 (명일동),1111111,9:00:00,18:00:00,강동시니어클럽,급간식 조리 및 배식 보조; 위생관리 상태 점검
90,노인시설지원단 (구 데이원),2,12684,포도나무요양원1호점,서울특별시 강동구 상암로 195 (명일동),1111111,9:00:00,18:00:00,강동시니어클럽,급간식 조리 및 배식 보조; 위생관리 상태 점검
91,노인시설지원단 (구 데이원),8,12684,9학년데이케어센터,서울특별시 강동구 구천면로 304,1111111,9:00:00,18:00:00,강동시니어클럽,급간식 조리 및 배식 보조; 위생관리 상태 점검
92,노인시설지원단 (구 데이원),4,12684,e-한나데이케어센터,서울특별시 강동구 고덕로 40,1111111,9:00:00,18:00:00,강동시니어클럽,급간식 조리 및 배식 보조; 위생관리 상태 점검
93,노인시설지원단 (구 데이원),4,12684,늘편한요양원,서울특별시 강동구 구천면로 318 성산빌딩,1111111,9:00:00,18:00:00,강동시니어클럽,급간식 조리 및 배식 보조; 위생관리 상태 점검
94,노인시설지원단 (구 데이원),4,12684,행복데이케어센터,서울특별시 강동구 올림픽로98길 30,1111111,9:00:00,18:00:00,강동시니어클럽,급간식 조리 및 배식 보조; 위생관리 상태 점검
95,노인시설지원단 (구 데이원),6,12684,강동힐링요양원,서울특별시 강동구 길동 215번지 신동빌딩,1111111,9:00:00,18:00:00,강동시니어클럽,급간식 조리 및 배식 보조; 위생관리 상태 점검
96,노인시설지원단 (구 데이원),3,12684,그랜드너싱홈요양원,서울특별시 강동구 양재대로 1465,1111111,9:00:00,18:00:00,강동시니어클럽,급간식 조리 및 배식 보조; 위생관리 상태 점검
97,노인시설지원단 (구 데이원),3,12684,마더노인요양센터,서울특별시 강동구 명일로 230,1111111,9:00:00,18:00:00,강동시니어클럽,급간식 조리 및 배식 보조; 위생관리 상태 점검
98,노인시설지원단 (구 데이원),6,12684,A+하모니주야간보호센터,서울특별시 강동구 올림픽로 698,1111111,9:00:00,18:00:00,강동시니어클럽,사용한 물품 정리; 시설물 안전관리; 서비스대상자 말벗활동
99,노인시설지원단 (구 데이원),4,12684,서울케어링하우스,서울특별시 강동구 올림픽로 831,1111111,9:00:00,18:00:00,강동시니어클럽,사용한 물품 정리; 시설물 안전관리; 서비스대상자 말벗활동
100,노인시설지원단 (구 데이원),1,12684,성내프라임데이케어센터,서울특별시 강동구 성안로 61 4층 (성내동),1111111,9:00:00,18:00:00,강동시니어클럽,사용한 물품 정리; 시설물 안전관리; 서비스대상자 말벗활동
101,노인시설지원단 (구 데이원),2,12684,강동사랑데이케어센터,서울특별시 강동구 천호옛14길 37 (성내동),1111111,9:00:00,18:00:00,강동시니어클럽,사용한 물품 정리; 시설물 안전관리; 서비스대상자 말벗활동
102,노인시설지원단 (구 데이원),3,12684,강동천호실버센터1호점,"서울특별시 강동구 올림픽로 664 (천호동, 대우 한강 베네시티)",1111111,9:00:00,18:00:00,강동시니어클럽,사용한 물품 정리; 시설물 안전관리; 서비스대상자 말벗활동
103,노인시설지원단 (구 데이원),3,12684,강동천호실버센터2호점,"서울특별시 강동구 올림픽로 664 (천호동, 대우 한강 베네시티)",1111111,9:00:00,18:00:00,강동시니어클럽,사용한 물품 정리; 시설물 안전관리; 서비스대상자 말벗활동
104,노인시설지원단 (구 데이원),4,12684,은혜요양원,서울시 강동구 양재대로124길 41 (길동),1111111,9:00:00,18:00:00,강동시니어클럽,사용한 물품 정리; 시설물 안전관리; 서비스대상자 말벗활동
105,노인시설지원단 (구 데이원),4,12684,정원실버요양원1호점,서울 강동구 양재대로124길 41,1111111,9:00:00,18:00:00,강동시니어클럽,사용한 물품 정리; 시설물 안전관리; 서비스대상자 말벗활동
106,노인시설지원단 (구 데이원),4,12684,정원실버요양원2호점,"서울 강동구 양재대로124길 41 (길동, 성원빌딩)",1111111,9:00:00,18:00:00,강동시니어클럽,사용한 물품 정리; 시설물 안전관리; 서비스대상자 말벗활동
107,노인시설지원단 (구 데이원),3,12684,흰돌장기요양원1호점,"서울특별시 강동구 구천면로 323 (암사동, 개나리프라자)",1111111,9:00:00,18:00:00,강동시니어클럽,사용한 물품 정리; 시설물 안전관리; 서비스대상자 말벗활동
108,노인시설지원단 (구 데이원),3,12684,흰돌장기요양원2호점,"서울특별시 강동구 구천면로 323 (암사동, 개나리프라자)",1111111,9:00:00,18:00:00,강동시니어클럽,사용한 물품 정리; 시설물 안전관리; 서비스대상자 말벗활동
109,노인시설지원단 (구 데이원),3,12684,흰돌장기요양원3호점,"서울특별시 강동구 구천면로 323 (암사동, 개나리프라자)",1111111,9:00:00,18:00:00,강동시니어클럽,사용한 물품 정리; 시설물 안전관리; 서비스대상자 말벗활동
110,시니어승강기안전단-오전반,4,12684,상일동역,서울특별시 강동구 고덕로 지하359 (상일동),1111111,9:00:00,18:00:00,강동시니어클럽,에스컬레이터 및 엘리베이터 시설 일상 안전점검
111,시니어승강기안전단-오후반,4,12684,상일동역,서울특별시 강동구 고덕로 지하359 (상일동),1111111,9:00:00,18:00:00,강동시니어클럽,에스컬레이터 및 엘리베이터 시설 일상 안전점검
112,시니어승강기안전단-저녁반,4,12684,상일동역,서울특별시 강동구 고덕로 지하359 (상일동),1111111,9:00:00,18:00:00,강동시니어클럽,고령자 에스컬레이터 탑승 도움; 거동이 불편하거나 짐을 가진 고령자 엘리베이터 탑승 유도; 전동휠체어 탑승자 엘리베이터 안내 및 탑승 유도
113,시니어승강기안전단-오전반,2,12684,암사역,서울특별시 강동구 올림픽로 지하776 (암사동),1111111,9:00:00,18:00:00,강동시니어클럽,고령자 에스컬레이터 탑승 도움; 거동이 불편하거나 짐을 가진 고령자 엘리베이터 탑승 유도; 전동휠체어 탑승자 엘리베이터 안내 및 탑승 유도
114,시니어승강기안전단-오후반,2,12684,암사역,서울특별시 강동구 올림픽로 지하776 (암사동),1111111,9:00:00,18:00:00,강동시니어클럽,고령자 에스컬레이터 탑승 도움; 거동이 불편하거나 짐을 가진 고령자 엘리베이터 탑승 유도; 전동휠체어 탑승자 엘리베이터 안내 및 탑승 유도
115,시니어승강기안전단-저녁반,2,12684,암사역,서울특별시 강동구 올림픽로 지하776 (암사동),1111111,9:00:00,18:00:00,강동시니어클럽,이용자 안전수칙 준수 안내
116,장애인시설지원단,10,12684,홀트강동복지관,서울특별시 강동구 아리수로93길 41,1111112,9:00:00,18:00:00,강동시니어클럽,프로그램 활동 보조; 야외활동 시 보조; 이용자 안전 관리; 급·간식 배식
117,장애인시설지원단,2,12684,아름해든집,서울특별시 강동구 고덕로 295-45,1111113,9:00:00,18:00:00,강동시니어클럽,프로그램 활동 보조; 야외활동 시 보조; 이용자 안전 관리; 급·간식 배식
118,장애인시설지원단,3,12684,우성원,서울특별시 강동구 고덕제2동 298,1111114,9:00:00,18:00:00,강동시니어클럽,주방업무 보조
119,장애인시설지원단,8,12684,장애인연합회,서울특별시 강동구 상암로 369 (상일동),1111115,9:00:00,18:00:00,강동시니어클럽,주방업무 보조
120,장애인시설지원단,3,12684,주몽재활원,서울특별시 강동구 상암로 369 (상일동),1111116,9:00:00,18:00:00,강동시니어클럽,주방업무 보조
121,장애인시설지원단,4,12684,한국시각장애인복지관,서울특별시 강동구 구천면로 645 (상일동),1111117,9:00:00,18:00:00,강동시니어클럽,내·외부 정리정돈; 분리수거
122,장애인시설지원단,2,12684,수어통역센터,서울특별시 강동구 성내제3동 411-26,1111118,9:00:00,18:00:00,강동시니어클럽,내·외부 정리정돈; 분리수거
123,장애인시설지원단,1,12684,지체장애인연합회,"서울 강동구 올림픽로 845 (암사동, 소은빌딩)",1111119,9:00:00,18:00:00,강동시니어클럽,내·외부 정리정돈; 분리수거
124,도서관도우미,28,12684,송파구,서울특별시 송파구,1111111,9:00:00,18:00:00,송파시니어클럽,"출근 확인, 참여자 건강상태 확인, 참여자 복장상태 확인, 수행 및 지원업무 확인, 도서관 이용자 안내 지원, 도서 대출·반납 보조, 반납도서 정리 및 책소독, 도서관 환경미화 지원, 동화구연 프로그램 보조, 활동 내용 점검, 출근부 작성 및 확인"
125,노인시설도우미,30,12684,송파구,서울특별시 송파구,1111111,9:00:00,18:00:00,송파시니어클럽,"근무 내용 숙지, 근무 복장 착용 및 점검 등, 시설 이용자 대상 안내지원, 기관이용인 활동지원(데이케어센터), 노인 케어보조 및 재활지원, 노인 대상 프로그램 진행 보조 및 지원, 시설 환경미화, 주방보조(설거지 및 전처리), 근무일지 작성"
126,사전연명의료의향서상담사,4,12684,서울아산병원 송파구 보건소,,1111111,9:00:00,18:00:00,송파시니어클럽,"사전연명의료의향서 접수, 사전연명의료의향서 열람 및 상담, 사전연명의료의향서 작성지원, 사전연명의료의향서 시스템 등록, 사전연명의료의향서 홍보"
127,학대피해아동지킴이,14,12684,송파구,서울특별시 송파구,1111111,9:00:00,18:00:00,송파시니어클럽,"근무 내용 확인, 근무 복장 착용 및 점검, 개인 위생상태 점검, 수행 및 지원업무 확인, 시설 환경미화, 일상지원(조리보조 등), 정서지원(학습지원 등), 동화구연 프로그램 활동, 활동 내용 점검, 출근부 작성 및 확인"
128,늘봄학교지원단,34,12684,송파구,서울특별시 송파구,1111111,9:00:00,18:00:00,송파시니어클럽,"근무 내용 숙지, 근무 복장 착용 및 점검, 개인 위생상태 점검 등, 돌봄교실 운영지원(보조인력), 신학기기간 등학교지도, 늘봄학교 프로그램 운영지원(아동지도), 근무일지 작성"
129,승강기안전단,27,12684,송파구,서울특별시 송파구 송파대로 지하257,1111111,9:00:00,18:00:00,송파시니어클럽,"출근부(출근시간) 작성, 근무복(조끼) 및 안전모 착용, 안전점검 체크리스트(엘리베이터/에스컬레이터) 구비, 에스컬레이터 점검, 엘리베이터 점검, 승강기 안전이용 지도, 이상 신고·사고대응, 체크리스트 역무원 확인 서명, 출근부 작성 및 확인 서명"
130,승강기안전단,27,12684,송파구,서울특별시 송파구 마천로57길 지하7,1111111,9:00:00,18:00:00,송파시니어클럽,"출근부(출근시간) 작성, 근무복(조끼) 및 안전모 착용, 안전점검 체크리스트(엘리베이터/에스컬레이터) 구비, 에스컬레이터 점검, 엘리베이터 점검, 승강기 안전이용 지도, 이상 신고·사고대응, 체크리스트 역무원 확인 서명, 출근부 작성 및 확인 서명"
131,실버여가설계지도사,2,12684,강남구,서울특별시 강남구 광평로19길 10,1111111,9:00:00,18:00:00,사회적협동조합 커리어코칭,"출근부 작성-현장 사전 답사, 교보재 제작-프로그램 계획서 작성, 1경로당 기준 9개월 프로그램 실행-상담운영 평가서 작성, 근무일지 정리-근무확인"
132,실버여가설계지도사,2,12684,강남구,서울특별시 강남구 일원본동 일원로14길 25,1111111,9:00:00,18:00:00,사회적협동조합 커리어코칭,"출근부 작성-현장 사전 답사, 교보재 제작-프로그램 계획서 작성, 1경로당 기준 9개월 프로그램 실행-상담운영 평가서 작성, 근무일지 정리-근무확인"
133,실버여가설계지도사,2,12684,강남구,서울특별시 강남구 선릉로76길 11,1111111,9:00:00,18:00:00,사회적협동조합 커리어코칭,"출근부 작성-현장 사전 답사, 교보재 제작-프로그램 계획서 작성, 1경로당 기준 9개월 프로그램 실행-상담운영 평가서 작성, 근무일지 정리-근무확인"
134,실버여가설계지도사,2,12684,강남구,서울특별시 강남구 압구정로33길 48,1111111,9:00:00,18:00:00,사회적협동조합 커리어코칭,"출근부 작성-현장 사전 답사, 교보재 제작-프로그램 계획서 작성, 1경로당 기준 9개월 프로그램 실행-상담운영 평가서 작성, 근무일지 정리-근무확인"
135,실버여가설계지도사,2,12684,강남구,서울특별시 강남구 논현로79길 24,1111111,9:00:00,18:00:00,사회적협동조합 커리어코칭,"출근부 작성-현장 사전 답사, 교보재 제작-프로그램 계획서 작성, 1경로당 기준 9개월 프로그램 실행-상담운영 평가서 작성, 근무일지 정리-근무확인"
136,실버여가설계지도사,2,12684,강남구,서울특별시 강남구 언주로70길 18,1111111,9:00:00,18:00:00,사회적협동조합 커리어코칭,"출근부 작성-현장 사전 답사, 교보재 제작-프로그램 계획서 작성, 1경로당 기준 9개월 프로그램 실행-상담운영 평가서 작성, 근무일지 정리-근무확인"
137,실버여가설계지도사,2,12684,강남구,서울특별시 강남구 개포로20길 48,1111111,9:00:00,18:00:00,사회적협동조합 커리어코칭,"출근부 작성-현장 사전 답사, 교보재 제작-프로그램 계획서 작성, 1경로당 기준 9개월 프로그램 실행-상담운영 평가서 작성, 근무일지 정리-근무확인"
138,아이돌봄지원 시범사업,13,12708,강남구,서울특별시 강남구,1111111,9:00:00,18:00:00,사회적협동조합 커리어코칭,"출근부 작성, 근무복 착용, 급식 관리 / 등하교 도움, 식생활 지도, 주변 정리"
139,아이돌봄지원 시범사업,13,12708,강남구,서울특별시 강남구,1111111,9:00:00,18:00:00,사회적협동조합 커리어코칭,"출근부 작성, 근무복 착용, 급식 관리 / 등하교 도움, 식생활 지도, 주변 정리"
140,아이돌봄지원 시범사업,13,12708,강남구,서울특별시 강남구,1111111,9:00:00,18:00:00,사회적협동조합 커리어코칭,"출근부 작성, 근무복 착용, 급식 관리 / 등하교 도움, 식생활 지도, 주변 정리"
141,아이돌봄지원 시범사업,13,12708,강남구,서울특별시 강남구,1111111,9:00:00,18:00:00,사회적협동조합 커리어코칭,"출근부 작성, 근무복 착용, 급식 관리 / 등하교 도움, 식생활 지도, 주변 정리"
142,아이돌봄지원 시범사업,13,12708,강남구,서울특별시 강남구,1111111,9:00:00,18:00:00,사회적협동조합 커리어코칭,"출근부 작성, 근무복 착용, 급식 관리 / 등하교 도움, 식생활 지도, 주변 정리"
143,아이돌봄지원 시범사업,12,12708,강남구,서울특별시 강남구,1111111,9:00:00,18:00:00,사회적협동조합 커리어코칭,"출근부 작성, 근무복 착용, 급식 관리 / 등하교 도움, 식생활 지도, 주변 정리"
144,아이돌봄지원 시범사업,12,12708,강남구,서울특별시 강남구,1111111,9:00:00,18:00:00,사회적협동조합 커리어코칭,"출근부 작성, 근무복 착용, 급식 관리 / 등하교 도움, 식생활 지도, 주변 정리"
145,아이돌봄지원 시범사업,12,12708,강남구,서울특별시 강남구,1111111,9:00:00,18:00:00,사회적협동조합 커리어코칭,"출근부 작성, 근무복 착용, 급식 관리 / 등하교 도움, 식생활 지도, 주변 정리"
146,아이돌봄지원 시범사업,12,12708,강남구,서울특별시 강남구,1111111,9:00:00,18:00:00,사회적협동조합 커리어코칭,"출근부 작성, 근무복 착용, 급식 관리 / 등하교 도움, 식생활 지도, 주변 정리"
147,아이돌봄지원 시범사업,12,12708,강남구,서울특별시 강남구,1111111,9:00:00,18:00:00,사회적협동조합 커리어코칭,"출근부 작성, 근무복 착용, 급식 관리 / 등하교 도움, 식생활 지도, 주변 정리"
148,우체국 행정업무 지원,15,12684,강남구,서울특별시 강남구,1111111,9:00:00,18:00:00,사회복지법인 영산,"번호표 안내, ATM 이용 안내, 환경개선, 청소 소독/방역 등, 우편물 접수, 라벨 부착 등, 근무 장소 뒷정리, 근무 확인받기 (근무기록지)"
149,복지시설지원,60,12684,강남구,서울특별시 강남구,1111111,9:00:00,18:00:00,사회복지법인 영산,"환경개선 장소 이동 및 준비하기, 환경개선 근무, 수요처 내 업무 지원, 근무 장소 정리, 근무 확인 받기(근무기록지)"
150,문서행정지원사업,60,12684,강남구,서울특별시 강남구,1111111,9:00:00,18:00:00,서울강남시니어클럽,"지역사회 내 비영리기관 지원, 비영리기관 종사자의 문서 및 행정업무를 지원하여 업무경감 및 원활한 업무환경 조성에 기여"
151,공공딜리버리,26,12684,강남구,서울특별시 강남구,1111111,9:00:00,18:00:00,서울강남시니어클럽,"각 기관별 적정 인원배치, 지역사회내 복지기관과 협력하여 찾아가는 대여·수거 및 물품정리 등의 업무를 지원하는 사업"
152,지역주민의견조사,20,12684,강남구,서울특별시 강남구,1111111,9:00:00,18:00:00,서울강남시니어클럽,"권역 내 조별 2인 1조 활동, 각 조장을 선정하여 조별활동에 대한 수시 확인 및 태블릿pc 관리, 공공기관 및 복지기관 등 지역주민의견이 필요한 조사를 확인하여 주민대상으로 태블릿pc를 활용하여 조사활동"
153,승강기안전점검,50,12684,강남구,서울특별시 강남구,1111111,9:00:00,18:00:00,서울강남시니어클럽,"승강기민원24 App을 통한 승강기안전점검 결과값 입력 후 데이터 전송, 승강기안전 이용문화 확산을 위한 홍보활동, 근무일지 작성 후 지사로 월1회 자료 공유"
154,보육시설업무지원,50,12684,강남구,서울특별시 강남구,1111111,9:00:00,18:00:00,서울강남시니어클럽,"보육시설 시니어 강사 파견, 종일반 점담 교사의 업무를 분담하여 양질의 보육 서비스를 제공"
155,시니어안전모니터링사업,30,12684,강남구,서울특별시 강남구,1111111,9:00:00,18:00:00,서울강남시니어클럽,"강남구의 모든 행정구역을 순회하며 도로 및 안전 관련 생활불편사항과 위험요소를 찾아 개선할 수 있도록 모니터링, 시설물 고장·파손 등 불편사항을 사진과 장소위치정보를 수집하고, 서울 스마트불편신고어플로 최종민원 신고-공유킥보드 불법주정차'서울시 전동킥보드 주정차 위반 신고' 홈페이지를 통해 신고, 강남구청 관계부서와 서울시 협업을 통해 추진"
156,보행로정보수집,44,12684,강남구,서울특별시 강남구,1111111,9:00:00,18:00:00,서울강남시니어클럽,"강남구의 모든 행정구역을 순회하며 보행로, 보행 장애물, 건물 접근성 정보수집, 수집된 강남구의 보행로 및 건물의 접근성정보를 '도어스캐너, 로드스캐너' 어플로 업로드하여 정보수집, 이동약자를 위한 정보활용 및 공공데이터 송신"
157,공회전제로사업,70,12684,강남구,서울특별시 강남구,1111111,9:00:00,18:00:00,서울강남시니어클럽,"4인 1조 또는 6인 1조 활동 및 권역 내 조별 2인 1조 활동, 각 조별 조장을 선정하여 조별 특이사항 수시확인, 공회전차량 및 탄소발생 감소를 위해 차량운행이 많은 공공시설 및 지하철인근 공회전차량 줄이기 캠페인 활동진행"
158,8.15-16 강남 코엑스 펫페어 판매 알바 모집중!,1,12500,서울 강남구,서울특별시 강남구 영동대로 513,1010000,9:30:00,18:00:00,훈이,"👍일일 펫페어 부스 운영

👍부스명 개과천선 - 부스번호 : J-17

💵페이
일급 10만원 (8시간 근무)
점심시간 30분
점심 지급🍛

👏지급일과 지급 방식
당일 현금 지급 - 입금 진행시 3.3 제외 후 입금

👏지역
서울 강남 코엑스 전시홀 3층 C,D홀

펫페어 부스에서 상담 및 판매 업무 입니다!!
성실하게 일할 분 누구나 지원 가능!!!

❤️‍🔥부스에 담당자가 있어 제품 설명 등 상세하게 도와주실 겁니다

*고양이,강아지 키우시는 분 우대 합니다 🐶🐾

연락주세요💕"
159,티타임하면서 영어 리스닝 훈련에 도움 주실 이웃분 ^^,1,15000,,,1100000,0:00,23:30:00,임수안,"안녕하세요!
영어 리스닝 훈련에 도움 주실 분 모십니다 ^^
매주 주말 토요일 일요일 중 하루 1시간만 카페 또는 식당에서 티타임 또는 식사타임 가지면서 자연스럽게 영어로만 대화해 주시면 됩니다~!
(카페 또는 식당 비용은 부담해드림)

@ 모집 요건
1. 영어 스피킹이 유창한 한국국적의 20대 여자분.
2. 서울 및 수도권 대학 재학생 또는 졸업생분.
3. 성격이 활달하고 말을 많이 하실 수 있는 분.

@ 업무 내용
1. 매주 주말 토요일 또는 일요일 오전 10~12시 사이 중 1시간 모십니다(일정 조율 가능).
2. 한국어와 영어 모두 유창하신 분 모십니다. 1시간 동안 저는 한국어를 사용하더라도 영어로만 스피킹(한국어 사용 X)해주시면서, 주문한 메뉴에 대한 얘기나 대학생활 얘기나 전공지식 얘기나 가족 얘기나 친구 얘기 등 자연스럽게 말 속도를 조절해가면서 다양하게 일상대화를 해주실 수 있는 분 모십니다.
3. 첫날은 시범 근무 30분 티타임 있습니다(만원 지급).

@ 구비 서류
대학생 신분을 증빙할 수 있는 학생증(성적증명서나 졸업증명서도 가능)과 신분증(주민등록번호 뒷자리는 가리셔도 됨)을 대조 확인한 후에 시범근무 가능합니다.


이웃분들 중에 주말 오전에 1시간씩 시간 내시는 것에 부담없으신 좋은 분 계시면 도움 요청드려요 ^^

*보수 당일지급*"
160,구슬구슬 대치점 평일 마감 아르바이트,1,12000,구슬구슬 대치점,서울 강남구 삼성로67길 46,1111111,18:00:00,25:00:00,사랑,"구슬구슬 대치점 평일 마감 아르바이트 구합니다.  
- 18시 ~ 25시
1인 매장이라 요일, 시간 협의 불가능!입니다

나이무관 학력무관(미성년자 지원 가능) 알바 경험 있으신 연초 안 피시는 여•성분만..!!!!!! 모집 중..! 
피어싱, 탈색, 문신, 네일은 자유롭게 하세요! 안녕하세요 안녕히 가세요 인사 가능하시고  시간!!! 약속!!! 제발........정말....진짜......엄수 가능하신 분 만!! 지원 부탁드려요 
무겁지 않아 손목에 무리가 가지 않으며
구슬아이스크림을 퍼서 주는것 뿐이라 초등학생도 몇시간이면 혼자서 할 수 있는 수준의 초간단 알바입니다 (실제로 미성년***** 까지 알바 하셨었음)

배민 쿠팡 요기요 경험자!!! 보건증 보유자!! 3개월이상 근무가능자! 대환영

보내주실 내용
거주지
나이
알바경력
배민쿠팡요기요 경험유무
보건증 유무
언제부터 가능하신지
언제까지 가능하신지"
161,남자커트 모델 구합니다,1,100,정샘물 웨스트점,서울특별시 강남구 압구정로79길 19,1101100,10:00:00,17:30:00,아지,"남.자커트 모델 구합니다
앞,뒤,양옆 비포&애프터
헤어사진촬영 필수입니다
포트폴리오용 촬영이어서
sns에는 안올라갑니다!
커트는 무료이고
다른 시술시 비용부담 있으세요!
ex)다운펌,염색,펌 등등
시술도 포트폴리오 비용으로 6만원미만으로
저렴한가격에 해드리고있으니
부담없이 연락주세요!
8월말까지 진행중이니 연락부탁드립니다~!"
162,사무보조 가능하신 분들 구인합니다,1,,칠성 공인중개사,서울 강동구 천중로 148-1,1111111,9:00:00,18:00:00,Louiboy,"안녕하세요 평일 주 5회 업무 도와주실 분들 구인합니다

장기 근무자 분들 우대 해드립니다

나이, 경력은 무관하시고
성실한 분들 시간 잘 지키시는 분들 우대 해드립니다

휴게시간 많이 드립니다

많은 지원 바랍니다 감사합니다"
163,우유 유제품 배달 알바 모집,1,12684,한국야쿠르트강동점,서울 강동구 천호옛14길 37,1111100,9:00:00,16:30:00,강동,"에치와이강동점(한국야쿠르트강동점)에서 프레시매니저님을 모집합니다.
자사 제품 신청고객에게 제품 전달하시는 업무입니다 시작시간 은 일정하나 종료시간은 자율입니다(1일 3-4시간)
특히 오전만 가능하신분. 나이가 좀 많다 하신분도 환영합니다.
운전면허소지자 우대.
자세한 내용은 연락주시면 상세히 설명드리겠습니다."
164,고양이 화장실 청소,1,20000,강남구,강남구,1000000,0:00:00,23:30:00,진루,"고양이 화장실 청소 도와주실 분을 찾아요!

대형화장실 두개며 화장실 모래 갈아주려고 비워주실수있는 분이면 좋아요

**주요 내용:**
* 거실 청소를 부탁드려요.
* 청소에 필요한 도구나 세제는 모두 준비되어 있습니다.
* 반려동물 용품 청결과 알레르기 유발 물질 제거에 신경 써주시면 감사하겠습니다.
* 강아지에게는 특별히 관심을 가지지 않아 주시면 좋겠습니다."
165,집정리 밎 청소,1,15000,강남구,강남구,1110100,0:00:00,23:30:00,비비,"집정리 및 청소 도와주실 분을 찾아요!

39평 집 전체 정리 또는 특정 공간 정리(옷장, 냉장고 등)를 부탁드려요. 청소는 바닥 청소창틀 창문 청소주방 냉장고/욕실 베란다 청소, 침실집안 정리 및 먼지 제거 원해요. 정리/청소에 필요한 도구나 세제는 준비되어 있습니다. 특별히 친환경 세제 사용을 원하시는 분도 괜찮아요. 가사/집정리 관련 경험이 있으신 분이면 좋겠습니다.
부부거주 (거동불편하신
할아버지 한분 )
주민등록등본 주시면 좋겠습니다."
166,만4세 여아 등원 도우미 구해요.,1,15000,강남구,강남구,1111100,7:00:00,23:30:00,라블리,"만4세 여아 등원 도우미 선생님 구합니다.

맞벌이 부부인데, 기존에 2년간 함께하신 선생님이 그만두시게 되어 새로운 선생님을 찾습니다. 밝고 야무진 아이에요 :)

시급 : 15,000원
근무시간 : 평일 6:50 - 8:50 (2시간)
근무장소 : 학동초등학교 정문 부근 주택
(선정릉역 1번출구 5분 거리)
근무 시작일 : 8월 중 협의

[주요 업무]
- 등원 준비(세수/양치,로션바르기,교복 입히기,등원가방준비,간단한 아침 간식 먹이기 등)
*유치원에서 아침 식사를 하기 때문에, 안먹거나 아주 간단한 빵/과일 정도 먹습니다.
- 등원 셔틀 탑승 시키기
*8:50에 집앞으로 버스가 옵니다
- 깨기 전 간단한 가사일 (집 정리 등)
*아이가 보통 7:30-8:00 기상합니다.

[지원 자격]
- 관련 경력 없으신 분도 좋습니다.
- 급할 때 하원도 가끔 도와주실 수 있으면 더욱 좋습니다.
- 근거리 거주 선호합니다.

[기타 사항]
- CCTV 1대 있습니다.
- 면접 후 최종 결정하며, 최종 진행 시 주민등록등본 제출 필요합니다.
- 실제 근무한 날 기준으로 지급됩니다. 유치원 등원이 불가한 날(방학/여행/질병 등)은 제외.
- 급한 일정 생기신 경우, 미리 말씀만 해주시면 일정 조정 가능합니다."
167,"발효유,우유,건강식품 배달원 모집",1,12000,강남구,강남구,1111100,7:00:00,12:00:00,honor,"발효유,우유류,건강식품 배달원 평일 일하실분 모십니다!
시급 : 12,000원 월~금 07:00~12:00 협의 or 07:00~14:00
청담지역 평일 일하실분 찾습니다. [강남구청역, 논현동, 삼성동 일대 등]
모집대상 : 성인(초보자,주부 환영)
업무내용 : 정기고객 대상 건강식품 전달
근무지역 : 청담,논현동 일대(타지역 희망시 별도 협의)
근무시간 : 주5일 평일 오전7시~12시 또는 오전7시~14시(협의 조정가능)
급여수준 : 약130만원 + @(추가 수익 有) 또는 약180만원 + @(추가 수익 有)

*운전면허증 필요(원동기 또는 1,2종) 오전 시간 활용이 가능한 분부터 자녀 등교 후 주부, 투잡 가능한분, 하루올타임 근무, 퇴직 후 일찾으시는 분까지 부담없이 연락주세요~(고정전달 이후 탄력적 시간활용이 가능합니다)"
168,픽업/가사/잡일,1,12684,강남구,강남구,1010101,00:00:00,23:30:00,단발거북이,"오피스텔에서 청소, 빨래, 설거지, 정리정돈, 음식물 쓰레기 처리 등 집정리/가사를 도와주실 분을 찾아요.

먼지 알레르기가 있어서 이 부분을 특별히 신경 써주시면 감사하겠습니다. 세제나 도구는 따로 준비되어 있지 않아요.

자차를 소유하고 운전이 가능하신 분이면 더욱 좋을 것 같아요.

급여: 수습시간은 최저시급이고 그외
차량이용비, 주유비, 식비 지원해드립니다.
수습기간 끝나면 수습기간 근무 완성도에 따라 15%에서 그 이상 시급이 올라갈겁니다"
169,전닼지알바 모집합니다!,1,15000,강남구,강남구,1111111,11:00,13:00:00,바른먹거리풀먹어,점심전단지 뿌리는 일입니다 어렵지않습니다 연락주시명감사하겠습니다!
170,8월 20일 하루 단기 파트타이머 모집합니다,1,15000,강남구,강남구,1000,12:00,14:00:00,디스준,"20일 하루 당일 파트타이머 모집합니다
친절하시고 경력 있으신분들 연락주세요!"
171,삼성동 한식뷔페 주방조리. 주방업무및설거지 하실분.,1,12684,강남구,강남구,1111111,7:30,15:30:00,율짱,"조리보조 구합니다.
업무는 조리보조. 세척. 주방업무. 배식
공휴일 주말 휴무

8시~3시30분 월급 180만 바로근무 휴게 1시간

7시30분~3시30분 월급 190만 바로근무 휴게 1시간

경력에 따라 급여 협상가능.
퇴직금. 4대보험 필수."
172,강남밭 주5일/주6일 주방보조 파트타임 찾습니다,1,11962,먹자라인 강남밭,서울 강남구 선릉로86길 44-5,1111111,16:30:00,12:30:00,성은희,"한식요리와 🍜면(국수) 요리를 판매하고있는 🚩선릉역 1번출구쪽 먹자라인 강남밭입니다.

성실하고 손이 빠른📍주방보조 파트타임 모집합니다.
[[유 경험자 우대]]하며,
**분 우대 하지만
** 🙋‍♀️🙋‍♂️ 무관합니다.

주차불가하고 보건증은 갖추고 계셔야합니다.

주휴수당 포함 13,000원이고
오후 4시 30분부터 12시30분까지고
대파손질 정도는 하실 수 있는 분이셔야합니다~

일하는시간 쉬는날 급여 등은
인터뷰 하면서 조정 가능합니다^^

문자지원 먼저해주세요
*************

성실하고 책임감있는
저희와 가족처럼 함께할 직원분들은 지원해주세요"
173,4개월 아가 돌봄,1,10000,강남구,강남구,1111111,10:00:00,17:00:00,랄랄라,"4개월 남매둥이입니다.
한 명은 돌봄샘이 보실거라 한 명 케어 같이 해주시면 되구요~ (돌봄샘도 너무 좋으신 분이에요)

긍정적이구 아이를 좋아하시고 사랑으로 정성껏 돌봐주시는 분이셨음 좋겠습니다.

<근무내용>
발달 단계에 맞는 놀이, 수유, 기저귀 교체

**아기 관련 가사(젓병세척 등)및 목욕은 엄마가 해서 아기에게만 집중해주시길 부탁드릴께요~

<근무일정>
월,수,금 10:00-17:00
화,목 2:00-17:00

근무일자나 시간은 조정 및 협의 가능합니다.

위생 청결하구 아가들 볼때는 핸드폰 사용 자제 부탁드릴께요!

시범근무 해보고 결정하시면 좋을 것 같아요."
174,책임감있는 가사도우미님 연락주세요 :),1,50000,강남구,강남구,1111111,00:00:00,23:30:00,아나바다,"30평대 아파트에서 가사 도우미를 구하고 있어요.

주로 청소 부탁드리려고 해요. (설거지는 식기세척기에 못넣는 것들 정도, 세탁은 세탁기/건조기 이용) 청소 도구는 준비되어 있습니다.

유치원생 아이가 있어서 위생에 신경 써주시면 감사하겠습니다. 특히 걸레나 설거지 브러쉬를 구분해 알려드리는대로 사용해주시면 좋을 것 같아요. 참고로, 집에는 전자담배흡연자가 있고, 애완동물은 키우지 않아요.

거리가 가까우시면 주2회 나눠서 오셔도 좋고 주1회 시간은 유연하게 맞출수있습니다.
최근에 업체통해 좋은분만나기가쉽지않아 직접 올려봅니다."
175,포장지에 물건만 담아주실분 4시간정도입니다,1,12684,강남구,강남구,1111111,00:00:00,23:30:00,하이잉,"포장지에 물건만 담아주실 분 4시간 정도 찾아요!

심부름/소일거리를 부탁드려요. 잡화를 포장하는 간단한 일이에요. 포장에 필요한 재료는 따로 없고, 펌프를 실링 비닐 용기에 담아주시면 돼요. 포장 외에 다른 업무는 없으니 걱정 마세요!"
176,작은 스피커 하나만 가져다 주세요,1,25000,강남구,강남구,1111111,15:00:00,15:30:00,당근청년,"작은 스피커 하나만 가져다 주세요

심부름/소일거리를 부탁드려요. 책상에 놓는 정도 크기의 스피커를 집 앞으로 가져다주실 분을 찾고 있어요."
177,지하철택배 배송원 구인합니다(노인일자리사업),1,12684,강남구,강남구,1111111,9:00:00,18:00:00,효자동,"서울강남시니어클럽에서 운영하는 노인일자리사업으로 지하철을 이용한 택배 배송 업무입니다.
급여는 건당으로 측정되며 평균 70만원에서 120만원정도 됩니다.
어르신들 소일거리라고 생각하시면 되며 자세한 상담은 지원해주시면 연락 드리겠습니다

*지원자격
-등본상 서울시
-신체건강한 어르신(많이 걸어야함)
-6 0 세이상"
178,청담 단순 물품 수령 후 전달,1,12000,강남구,강남구,1111111,00:00:00,23:30:00,까꿍,지금 당장 청담 물품 픽업 가능하신분만 최대한 빠르게 부탁드려여!
179,물건 받아주실분,1,12000,강남구,강남구,1111111,00:00:00,23:30:00,DAW,"물건 받아주실 분 찾아요!

**짐 옮기기** 도와주실 분을 구하고 있어요.

옮겨야 할 짐은 박스이고, 데코타일 600각 6박스입니다. 구르마를 가지고 계신 분이면 좋겠어요.

엘리베이터는 있어요. 1층에서 같은 건물 내로 옮기는 작업이에요."
180,집 안 청소해주실 이모님 찾습니다!,1,50000,강남구,서울특별시 강남구 논현2동,1111111,00:00:00,23:30:00,저렴하게특템하슈,"33평 빌라 입니다.

집 안 청소 및 정리정돈 꼼꼼하고 깔끔하게
잘 하시는 이모님 구합니다:)!

집에 2키로대 미니비숑 순한 강아지 있어도 괜찮으신 분 찾고 있습니다!

시간은 4시간정도면 됩니당

위치는 논현2동 입니당"
181,염색약 잘 발라주시는 분 구해요,1,40000,강남구,서울특별시 강남구 언주로 641,1111111,00:00:00,23:30:00,미니비숑,"전 여자라 여성분으로 구합니다.
염색약 잘 발라주시는 분 구해요.
중단발이라 그리 어렵진 않으실 거에요. 대신 엄청 꼼꼼하신 분만 신청부탁드려요.
이번 주 토욜 시간 조율 가능

결과물 보고 매달 부탁드릴거라 잘하시는 분들이 신청해주세용 ㅜㅎ❤️ 감사합니다.

* 일당 40,000원
장소는 언주로 641 이고 가까우신 분 환영"